Price,Bedrooms,Bathrooms,SqFt,City,State,Year_Built,Type,Garage,Lot_Area
1646834,2,2,2298,Brisbane,QLD,1981,House,1,6382
1307668,2,1,1917,Perth,WA,1995,Apartment,0,5014
2065317,3,3,2388,Sydney,NSW,1995,Apartment,1,5601
2357110,3,2,2913,Melbourne,VIC,2001,House,2,6471
1609453,3,2,1859,Perth,WA,2022,House,1,3511
1456380,3,1,1859,Brisbane,QLD,1980,House,2,4103
2190981,3,2,2947,Melbourne,VIC,1994,House,1,7064
2137885,4,3,2460,Melbourne,VIC,2003,Townhouse,2,6320
1396768,3,2,1718,Adelaide,SA,1983,House,2,3006
1791039,2,4,2325,Brisbane,QLD,1997,House,1,6324
1515921,3,4,1721,Brisbane,QLD,1996,Apartment,1,3476
1406825,5,1,1720,Perth,WA,1986,House,1,3879
1838411,3,1,2145,Melbourne,VIC,1989,House,2,5173
854926,4,3,852,Adelaide,SA,1980,Apartment,0,1901
1104712,1,2,965,Melbourne,VIC,1981,Apartment,2,2275
1580765,3,1,1662,Melbourne,VIC,2001,House,0,2772
1501072,1,2,1392,Sydney,NSW,2011,Townhouse,0,2990
1862192,3,2,2188,Melbourne,VIC,2008,House,0,4203
1732733,5,3,1455,Melbourne,VIC,2014,Apartment,2,2370
1290959,5,1,1152,Brisbane,QLD,1996,House,1,2060
1855068,3,1,2879,Perth,WA,1991,House,0,6921
1606397,3,4,1864,Adelaide,SA,2003,House,2,3346
2177629,5,3,2040,Sydney,NSW,2009,House,2,3614
1334766,3,2,1145,Brisbane,QLD,2023,House,2,2667
1451110,2,3,1673,Brisbane,QLD,2009,Townhouse,1,4780
1850020,3,2,2066,Sydney,NSW,1999,Apartment,0,5544
1533487,3,3,1309,Melbourne,VIC,2021,Apartment,1,3741
1989687,3,2,2225,Melbourne,VIC,1986,House,2,5284
1773183,3,2,1639,Sydney,NSW,2021,Townhouse,1,3467
1916424,3,3,1824,Sydney,NSW,2017,Townhouse,1,4734
1442746,3,2,1638,Brisbane,QLD,1986,House,2,3101
2193662,2,4,3111,Brisbane,QLD,2009,House,1,5031
1590043,3,2,1991,Brisbane,QLD,1991,House,1,4017
1497738,4,4,1365,Brisbane,QLD,2010,House,1,2660
2120034,3,4,2493,Sydney,NSW,1997,Townhouse,0,6267
1677092,3,2,1267,Sydney,NSW,2022,House,1,2949
2177910,5,3,2125,Sydney,NSW,1981,House,2,3628
1413734,5,2,824,Melbourne,VIC,2012,Apartment,2,2359
1251476,3,4,1203,Adelaide,SA,1990,House,1,2875
1536417,1,2,2118,Brisbane,QLD,2013,House,0,4631
2198951,4,3,2443,Sydney,NSW,1995,House,0,7099
2099293,4,2,2102,Sydney,NSW,2014,House,2,3461
1719605,5,2,1930,Brisbane,QLD,2012,House,1,5182
1471726,4,1,1819,Brisbane,QLD,2000,Apartment,2,3724
1264197,3,2,1112,Brisbane,QLD,1999,House,2,2830
1730443,3,3,1568,Sydney,NSW,1987,House,1,4541
1569254,1,2,1723,Melbourne,VIC,2005,House,0,3923
2140089,3,2,2634,Melbourne,VIC,2012,House,1,4040
1556112,3,2,2206,Perth,WA,2005,Apartment,0,3404
1452647,3,2,942,Sydney,NSW,2016,House,0,1880
1893048,3,1,2194,Sydney,NSW,2009,Apartment,1,5864
1636599,4,3,1768,Brisbane,QLD,2010,House,1,3418
1826287,3,4,1593,Sydney,NSW,2012,Apartment,1,3190
1616234,3,2,2367,Brisbane,QLD,1990,Apartment,1,6335
2233053,2,1,2618,Sydney,NSW,2020,House,1,4384
1997660,3,1,2558,Sydney,NSW,1984,Townhouse,0,7088
1349530,4,2,1496,Perth,WA,1981,House,2,2841
1705481,3,2,1814,Melbourne,VIC,1992,Townhouse,2,2861
2187112,5,3,2198,Sydney,NSW,1997,House,1,3685
2253175,3,2,2585,Sydney,NSW,2005,House,1,7571
1472156,3,3,1712,Perth,WA,2004,House,1,3728
1468441,3,2,1888,Brisbane,QLD,2023,Apartment,0,3559
1120634,3,2,1336,Adelaide,SA,1993,Apartment,1,3049
1314823,4,2,1282,Perth,WA,1984,House,2,3235
1766399,3,1,2487,Brisbane,QLD,2021,Apartment,0,4920
2109239,4,2,2813,Melbourne,VIC,1981,Townhouse,1,7281
1467151,3,3,1956,Perth,WA,1983,Apartment,2,3675
2190059,4,2,2602,Melbourne,VIC,1991,House,1,4341
1636274,2,3,2216,Perth,WA,1990,House,1,5153
1482453,4,2,1612,Brisbane,QLD,1983,House,2,2785
1764748,3,1,2216,Brisbane,QLD,2022,House,1,6452
2147744,3,2,2922,Melbourne,VIC,1988,House,1,4386
1638675,3,2,1978,Brisbane,QLD,1989,House,2,5210
2351495,5,2,2938,Melbourne,VIC,2006,Townhouse,2,5640
999936,1,1,800,Melbourne,VIC,1985,Apartment,2,2215
1752774,3,2,2493,Adelaide,SA,1994,Townhouse,2,3964
1879378,4,1,2052,Melbourne,VIC,2021,Townhouse,1,6012
1735435,3,1,1820,Sydney,NSW,2010,Apartment,2,3007
1639319,2,2,2055,Brisbane,QLD,2001,House,2,5511
991866,3,2,807,Brisbane,QLD,1985,Apartment,2,1837
1688824,3,4,1868,Perth,WA,2012,House,2,4008
1801612,5,2,2214,Brisbane,QLD,2008,House,0,4251
2485835,4,3,2886,Sydney,NSW,2000,House,2,7973
1798091,3,2,1689,Sydney,NSW,2009,House,0,3039
1795318,5,3,1514,Sydney,NSW,2000,Apartment,1,3911
1718140,3,2,1698,Sydney,NSW,2015,Townhouse,0,3684
1955425,2,4,2549,Brisbane,QLD,2001,House,2,7641
1849519,3,2,2197,Melbourne,VIC,1999,House,1,5310
1827915,3,3,1682,Melbourne,VIC,2001,House,2,2786
1647533,2,2,2307,Brisbane,QLD,2019,Apartment,1,4914
1840605,5,1,2058,Melbourne,VIC,1990,House,0,3292
2182098,4,2,2581,Sydney,NSW,2010,Townhouse,1,4977
1673273,3,1,1578,Melbourne,VIC,2019,House,1,3181
1828373,3,2,1803,Sydney,NSW,1992,Townhouse,2,5013
1668039,4,1,1764,Melbourne,VIC,1997,House,0,4865
1323716,5,2,1121,Brisbane,QLD,2001,House,1,1702
1758566,4,4,2177,Adelaide,SA,1996,House,1,5005
2001604,3,2,2156,Sydney,NSW,2017,House,0,3958
1975710,4,3,2003,Melbourne,VIC,2004,House,1,3966
1535722,3,2,1859,Brisbane,QLD,2011,Townhouse,1,2849
1423774,3,2,1150,Melbourne,VIC,1994,House,1,3020
1752539,2,4,1747,Melbourne,VIC,1992,House,1,5113
1795187,2,3,1794,Sydney,NSW,2005,House,1,3281
1464047,3,3,1518,Brisbane,QLD,1990,House,2,3056
1558218,3,2,1903,Perth,WA,1992,House,2,3444
1482260,1,2,2242,Adelaide,SA,2012,Townhouse,1,6492
2205691,4,2,3131,Perth,WA,2016,House,1,4741
1914784,1,2,2104,Sydney,NSW,2017,House,1,5000
1625911,3,2,2154,Brisbane,QLD,1980,House,0,6045
1805669,3,3,1955,Melbourne,VIC,2018,Apartment,1,3479
1138950,5,3,848,Adelaide,SA,2006,House,1,2024
1421413,3,2,1984,Adelaide,SA,2015,Apartment,1,3126
1523169,2,1,2036,Adelaide,SA,2011,House,2,5542
2400518,3,3,3477,Perth,WA,2020,House,2,6648
1723286,4,1,1884,Melbourne,VIC,1994,House,0,5621
1856818,5,2,2180,Brisbane,QLD,2010,House,1,6287
1366186,3,1,1979,Adelaide,SA,1985,House,0,5143
1507119,3,2,1298,Melbourne,VIC,2004,House,1,2916
2043150,5,4,2685,Perth,WA,1997,House,0,7116
1557644,2,1,2451,Adelaide,SA,2001,Apartment,2,4156
2117239,3,2,2474,Melbourne,VIC,2010,House,2,4863
1687167,3,2,1454,Sydney,NSW,2015,House,0,2240
2282929,1,4,2841,Sydney,NSW,1988,House,2,7011
1568371,3,3,1158,Sydney,NSW,1982,House,1,3138
2050523,3,2,2352,Melbourne,VIC,2012,House,1,6866
2429584,3,1,3314,Melbourne,VIC,2006,House,1,8384
1542899,5,2,1405,Brisbane,QLD,2022,House,1,3652
1641484,3,2,1660,Melbourne,VIC,1980,House,2,4720
1723996,4,2,2059,Adelaide,SA,2023,House,2,5982
1631604,2,1,1697,Sydney,NSW,1988,House,1,3798
1042845,3,1,1069,Perth,WA,1984,Townhouse,2,1780
1922722,2,2,2041,Sydney,NSW,1994,House,2,4489
1330372,5,2,1362,Brisbane,QLD,1988,Apartment,1,3180
1744025,4,3,2284,Brisbane,QLD,2007,Apartment,0,5590
1266915,3,1,1448,Brisbane,QLD,1992,Apartment,2,4321
2307775,4,2,2929,Melbourne,VIC,2003,Apartment,2,8427
1724291,3,4,1530,Sydney,NSW,1989,House,0,3204
1936072,5,2,1806,Melbourne,VIC,2021,House,1,3017
2156930,4,3,2488,Sydney,NSW,2001,Townhouse,0,4533
1636349,5,1,1261,Melbourne,VIC,2018,House,2,2221
1912826,3,2,2136,Melbourne,VIC,2001,House,2,4345
2008735,2,3,2784,Brisbane,QLD,2016,House,1,7837
1247177,3,2,1035,Perth,WA,2018,House,1,2233
1575445,2,3,2110,Adelaide,SA,1999,Townhouse,2,4962
1800370,3,2,2155,Melbourne,VIC,1989,House,0,3813
2064429,3,2,2469,Sydney,NSW,1989,Apartment,2,5528
1281899,3,2,1257,Brisbane,QLD,2005,House,1,3535
1346687,1,2,1207,Melbourne,VIC,2004,House,1,3212
1921313,2,1,2313,Melbourne,VIC,2007,House,1,3751
1945688,3,2,2178,Melbourne,VIC,1992,House,1,6083
1782826,5,2,2150,Brisbane,QLD,1994,House,2,4108
1669463,3,2,2207,Perth,WA,1985,House,2,5516
1421622,3,3,1591,Adelaide,SA,1991,House,2,2737
1498472,4,2,2139,Adelaide,SA,1998,Apartment,0,5373
1796347,3,4,2175,Perth,WA,2011,House,1,3380
1344956,3,2,1571,Perth,WA,1990,House,1,3772
2443581,3,2,3119,Sydney,NSW,2017,Apartment,2,7701
1783682,3,3,2284,Perth,WA,2012,House,1,4264
1728126,5,2,1285,Sydney,NSW,1981,House,2,3734
1738831,2,2,2393,Brisbane,QLD,1994,Townhouse,2,3755
1587182,3,1,1415,Sydney,NSW,2015,Apartment,1,4015
1808993,1,2,2472,Melbourne,VIC,1984,Apartment,2,5124
2197113,3,2,2695,Sydney,NSW,1994,House,2,6928
1829111,4,4,1507,Melbourne,VIC,2022,Townhouse,2,3734
2013741,3,2,2578,Melbourne,VIC,1989,House,1,4517
2013321,2,3,2247,Sydney,NSW,1996,Townhouse,2,4447
1752437,3,2,2493,Perth,WA,2013,Townhouse,0,5720
1974915,1,2,3138,Perth,WA,2003,House,1,8691
1472749,2,2,1852,Brisbane,QLD,1989,House,1,5432
1417135,4,3,1547,Perth,WA,2009,Apartment,0,2369
1524693,4,3,1466,Brisbane,QLD,1982,House,2,2974
1417189,5,1,1510,Adelaide,SA,2016,House,1,3779
1698493,4,2,1953,Melbourne,VIC,1982,Townhouse,1,4477
2026239,3,2,2204,Melbourne,VIC,2019,House,1,6425
1429366,2,1,2166,Perth,WA,1984,Townhouse,2,3304
2077075,4,2,2496,Melbourne,VIC,2007,Apartment,2,5383
1970308,4,3,2007,Sydney,NSW,2023,Apartment,0,5025
2114514,4,2,2872,Brisbane,QLD,1993,House,2,5245
2001521,3,3,1841,Sydney,NSW,2018,House,1,4766
2476263,3,2,3632,Melbourne,VIC,1990,Townhouse,1,5890
2144788,4,2,2375,Sydney,NSW,1987,House,2,5170
1355106,4,1,1485,Perth,WA,2016,Apartment,2,3735
1270968,5,3,1357,Adelaide,SA,1987,Apartment,2,2579
2002746,2,3,2289,Sydney,NSW,1991,House,1,3687
1745317,3,2,1865,Sydney,NSW,1994,Apartment,1,5477
2083072,3,1,2428,Sydney,NSW,1998,House,1,6971
1880365,4,2,2283,Brisbane,QLD,2007,House,1,6599
1690774,2,1,1956,Melbourne,VIC,1986,House,1,5805
1525984,2,2,1491,Melbourne,VIC,2019,Apartment,1,2651
1621754,5,3,1091,Sydney,NSW,1986,Townhouse,1,1894
1584114,1,1,1732,Melbourne,VIC,2009,House,1,2687
2164553,4,3,2513,Melbourne,VIC,1997,House,1,7133
1706802,3,2,2128,Brisbane,QLD,2003,House,2,5596
1609604,4,2,1252,Sydney,NSW,1985,House,1,3068
1716484,3,4,2103,Brisbane,QLD,1983,House,2,6083
1834373,5,1,2231,Melbourne,VIC,1982,Townhouse,0,5271
1708304,5,4,1469,Melbourne,VIC,1985,Townhouse,1,2490
1718295,1,1,2092,Melbourne,VIC,2005,House,1,3693
1495838,2,2,2034,Brisbane,QLD,2023,Apartment,0,3455
1470684,3,3,1314,Melbourne,VIC,2017,Apartment,1,2577
1709775,3,4,2214,Perth,WA,1990,Townhouse,2,4582
2157758,4,2,2336,Sydney,NSW,2008,House,1,6297
2125100,3,2,2649,Sydney,NSW,1999,Apartment,1,4734
2192291,3,3,2632,Sydney,NSW,1989,Townhouse,1,6812
1433794,2,3,1173,Melbourne,VIC,2005,Townhouse,2,2624
1693243,4,1,1437,Sydney,NSW,2006,House,1,4311
2238865,5,3,2309,Sydney,NSW,1993,House,2,6153
1911612,3,2,2308,Melbourne,VIC,2015,Apartment,1,6817
1770093,3,2,2309,Brisbane,QLD,1991,House,1,4649
2544822,2,2,4311,Brisbane,QLD,2002,House,0,7263
1965279,3,2,2342,Melbourne,VIC,2000,House,2,5291
2243878,3,4,2681,Melbourne,VIC,1987,House,2,4521
1916852,2,2,2572,Brisbane,QLD,2018,House,1,5758
2039059,3,4,2390,Melbourne,VIC,1988,House,0,4554
1474134,3,1,1810,Brisbane,QLD,2003,House,1,4050
1811764,3,3,2455,Adelaide,SA,2010,House,1,7180
1435003,3,3,1536,Perth,WA,2004,House,1,2970
1595531,1,2,1857,Melbourne,VIC,1996,Apartment,2,5555
1835915,4,2,1708,Melbourne,VIC,2021,House,2,3150
1683313,4,2,2049,Brisbane,QLD,2008,Apartment,1,3713
2478570,3,3,3388,Melbourne,VIC,1982,House,2,7852
1036058,2,3,879,Brisbane,QLD,2000,Apartment,2,2430
1934935,4,1,2411,Melbourne,VIC,1987,Townhouse,1,6329
1251752,5,3,1032,Perth,WA,1993,House,1,2668
1958297,3,2,1716,Sydney,NSW,2018,House,2,3303
2122995,3,2,2653,Sydney,NSW,1995,Apartment,1,4069
1520007,2,3,2038,Brisbane,QLD,1997,Apartment,1,3552
1579447,3,2,1353,Melbourne,VIC,2010,House,2,2739
1631202,2,3,1570,Sydney,NSW,1990,Townhouse,1,4645
2133651,3,2,2407,Melbourne,VIC,2017,House,2,6933
1568325,3,1,1561,Sydney,NSW,1999,Apartment,1,2812
1614793,3,2,2129,Brisbane,QLD,1983,House,1,5513
1770433,3,1,2027,Melbourne,VIC,1999,House,0,4801
1802585,3,3,1609,Sydney,NSW,2010,House,1,2533
2412884,3,2,3286,Melbourne,VIC,1999,House,1,6761
1903516,1,2,2380,Sydney,NSW,1990,Townhouse,1,5306
871518,2,1,800,Brisbane,QLD,1980,Apartment,2,2001
2022285,4,2,2111,Sydney,NSW,2023,Apartment,1,4102
1253801,2,3,1602,Perth,WA,1997,Townhouse,0,4649
2218524,4,1,2511,Sydney,NSW,2018,House,1,5469
1797472,5,2,1524,Melbourne,VIC,2023,House,1,2855
1639146,3,4,1931,Brisbane,QLD,2012,Townhouse,0,3813
2017369,3,2,2302,Sydney,NSW,2015,House,0,6051
2102780,3,3,2519,Sydney,NSW,1997,Apartment,2,6198
1570732,4,1,1279,Melbourne,VIC,2010,House,0,3344
1963449,5,2,1799,Sydney,NSW,2014,Apartment,2,3487
1859379,4,3,1715,Melbourne,VIC,2018,House,1,3413
1396880,2,3,1608,Brisbane,QLD,2017,Apartment,1,3368
2349213,3,2,3059,Sydney,NSW,1994,Townhouse,0,5454
1778123,3,2,2242,Melbourne,VIC,1985,Apartment,2,5689
1113981,3,2,1243,Adelaide,SA,1987,House,0,2479
1704576,1,1,2550,Perth,WA,2019,House,1,5074
2533260,2,3,3273,Sydney,NSW,2001,House,1,6232
2165980,4,2,2619,Sydney,NSW,1980,Apartment,2,5708
1500694,3,2,1088,Melbourne,VIC,1992,House,2,2892
1822684,3,3,1709,Sydney,NSW,2003,Townhouse,1,4706
2158795,3,2,2760,Sydney,NSW,2000,Apartment,1,7471
1837867,4,2,1575,Sydney,NSW,2022,Townhouse,2,3831
2169376,4,3,2266,Sydney,NSW,1983,House,2,4352
2030735,3,3,2464,Melbourne,VIC,1986,Townhouse,1,6414
1411475,2,2,1443,Melbourne,VIC,1991,Apartment,2,2251
1747607,3,1,1964,Sydney,NSW,1992,Apartment,1,5298
1380218,5,2,800,Melbourne,VIC,2023,House,0,2136
1489622,3,2,1385,Melbourne,VIC,1995,House,0,3470
1568574,3,2,1848,Brisbane,QLD,1985,House,1,3044
1267662,3,3,1251,Adelaide,SA,1993,House,1,3748
2083230,3,4,2979,Adelaide,SA,2010,House,0,7849
1592235,4,3,1141,Melbourne,VIC,2015,Townhouse,1,2971
1501339,3,2,1735,Perth,WA,2016,House,1,2770
1973337,2,3,2078,Sydney,NSW,2020,House,0,4360
2152753,2,2,2864,Melbourne,VIC,2014,House,0,4667
1158953,3,1,1138,Brisbane,QLD,1989,Townhouse,2,2324
2289646,5,1,2697,Melbourne,VIC,1996,House,1,6355
2006763,3,2,2006,Sydney,NSW,2021,House,1,5653
1817761,4,4,1411,Sydney,NSW,2009,House,1,2715
1990675,4,2,2277,Melbourne,VIC,2023,Apartment,2,5545
1615612,3,2,2119,Brisbane,QLD,1986,House,1,3702
1314590,1,4,1639,Adelaide,SA,1997,House,1,3330
1845825,2,1,2041,Sydney,NSW,1998,House,2,5964
1524535,4,3,1768,Adelaide,SA,1994,House,1,4636
1911852,2,2,2068,Sydney,NSW,2018,House,1,4795
1642473,3,1,2397,Adelaide,SA,2023,Apartment,1,4500
2080863,3,4,2951,Perth,WA,2001,Apartment,2,6108
1641158,4,1,1257,Sydney,NSW,2018,House,1,2181
2559260,2,2,3279,Sydney,NSW,2021,House,2,6658
1449903,3,2,828,Sydney,NSW,2009,House,1,1430
1502368,3,1,1908,Adelaide,SA,1999,House,2,5140
1975151,3,1,2352,Melbourne,VIC,2011,House,1,3814
1650435,4,1,2168,Brisbane,QLD,2021,Apartment,1,3869
1667104,2,1,1626,Sydney,NSW,2004,House,1,4125
1445110,4,3,1875,Adelaide,SA,2002,Apartment,0,5351
1753085,3,2,1704,Sydney,NSW,1984,House,1,5022
1841127,3,2,1646,Sydney,NSW,2020,House,2,4534
2040853,3,2,2509,Melbourne,VIC,2009,House,1,4560
1979913,3,4,2214,Melbourne,VIC,2018,House,0,4270
1688295,2,4,1584,Sydney,NSW,2006,Townhouse,1,4445
1991219,3,3,2539,Melbourne,VIC,2021,Apartment,0,7197
2181709,3,3,2184,Sydney,NSW,2016,House,2,5375
1875006,3,2,2487,Melbourne,VIC,1986,Apartment,0,4901
1953196,3,2,2377,Melbourne,VIC,1984,House,1,4365
1697888,5,2,1502,Sydney,NSW,1994,Apartment,1,4174
1624350,3,2,1663,Melbourne,VIC,2021,Townhouse,1,3008
1644319,2,2,2448,Brisbane,QLD,1987,Apartment,1,6103
2065591,3,2,2366,Sydney,NSW,1988,House,1,6984
1895731,4,4,1987,Melbourne,VIC,1990,Apartment,2,5083
1731636,4,3,2070,Brisbane,QLD,2001,Townhouse,2,3905
2333204,3,2,2766,Sydney,NSW,2013,House,2,5322
1877969,4,3,1645,Melbourne,VIC,2014,House,2,2696
1990692,3,2,2328,Sydney,NSW,1992,House,0,5888
1787294,3,1,1878,Sydney,NSW,1990,House,0,4278
1752211,4,2,1869,Brisbane,QLD,2011,House,2,3383
2423236,4,2,2659,Sydney,NSW,2021,House,2,4897
1987720,3,1,2495,Melbourne,VIC,1994,House,1,3776
2007857,4,3,2488,Brisbane,QLD,2017,House,1,7383
2065429,2,2,2783,Sydney,NSW,1980,Apartment,1,7631
1925053,4,2,2012,Melbourne,VIC,2003,House,1,4208
1713774,3,1,2409,Adelaide,SA,2022,Townhouse,1,7032
1749824,2,1,1813,Melbourne,VIC,2019,House,2,4563
1919554,3,3,2194,Sydney,NSW,2001,Apartment,1,5765
1713033,3,2,1921,Melbourne,VIC,1982,House,1,4843
2030651,3,4,2058,Sydney,NSW,1993,House,1,5423
2123276,3,4,2357,Sydney,NSW,1981,House,0,4140
1300829,2,2,1509,Perth,WA,2011,Apartment,1,3536
2488109,3,2,3255,Sydney,NSW,2017,Apartment,2,9030
1704416,3,3,1396,Sydney,NSW,2012,Apartment,2,2135
1658740,3,4,1271,Melbourne,VIC,2021,House,2,2142
1776583,3,2,2694,Adelaide,SA,1985,House,1,5035
2324412,4,3,2474,Sydney,NSW,2020,House,1,4806
2240940,4,3,2374,Sydney,NSW,2018,House,2,4212
2079042,4,2,2377,Melbourne,VIC,2004,House,1,5791
1894328,3,2,1992,Melbourne,VIC,2013,House,2,3867
1709103,4,3,1461,Melbourne,VIC,1990,House,2,2539
1517019,2,2,2045,Adelaide,SA,2016,House,1,5847
1712863,2,1,1593,Sydney,NSW,2020,House,1,4052
2083034,3,2,2585,Sydney,NSW,1986,Apartment,1,4831
1885664,4,1,1911,Sydney,NSW,2001,House,0,3902
1422576,3,2,1504,Brisbane,QLD,2018,Townhouse,1,3929
1807300,2,4,1807,Melbourne,VIC,1989,House,2,4854
1620972,2,1,2247,Perth,WA,2000,House,2,3966
1279655,4,2,1661,Adelaide,SA,1985,Apartment,1,4827
1615716,3,2,1506,Sydney,NSW,1980,Townhouse,1,4034
1508253,3,2,2146,Adelaide,SA,2013,Apartment,1,5977
1890163,3,2,2146,Sydney,NSW,1993,Apartment,1,3683
1652348,3,2,1695,Melbourne,VIC,2015,Apartment,1,2908
1339321,3,1,1717,Brisbane,QLD,2006,Apartment,1,3362
1528330,3,2,2139,Brisbane,QLD,1988,Apartment,1,3416
1169327,4,2,1131,Brisbane,QLD,1985,Townhouse,0,1851
1486311,3,2,1155,Melbourne,VIC,2010,House,1,1981
1374800,3,4,1568,Adelaide,SA,1996,Townhouse,1,4030
1511915,1,2,1871,Brisbane,QLD,2022,House,1,2892
1894913,3,1,2186,Melbourne,VIC,2015,Townhouse,1,3552
1996015,3,3,2885,Adelaide,SA,2000,House,1,8414
1859909,3,2,2514,Adelaide,SA,2006,House,2,4087
1758914,2,2,1904,Melbourne,VIC,2020,Townhouse,2,4391
1735825,4,2,1988,Brisbane,QLD,2007,House,1,4899
1184857,3,2,1398,Perth,WA,1995,Apartment,1,4108
1617125,3,3,1988,Perth,WA,2014,House,0,5667
2020375,4,4,1826,Sydney,NSW,2015,House,1,3947
1752780,3,2,2193,Brisbane,QLD,2014,Townhouse,2,6390
1329937,4,2,1503,Adelaide,SA,1998,House,1,3230
1951724,3,2,2311,Sydney,NSW,2000,Apartment,1,5790
2139227,3,4,2919,Brisbane,QLD,2012,House,1,5516
1849733,4,4,1934,Melbourne,VIC,2002,Apartment,2,4749
1880975,3,1,2241,Sydney,NSW,1985,Apartment,2,5170
1937925,3,1,2414,Sydney,NSW,2011,Apartment,0,5818
1574579,4,2,1759,Brisbane,QLD,2001,Townhouse,2,4440
1744964,3,1,2134,Melbourne,VIC,1982,House,0,3757
1806755,3,2,2007,Melbourne,VIC,2014,Apartment,1,3918
1709162,3,1,2058,Melbourne,VIC,1995,Apartment,0,5361
1738742,4,2,1536,Melbourne,VIC,2021,House,0,2681
2129518,5,4,2014,Sydney,NSW,2004,House,0,4062
1812646,3,4,2298,Brisbane,QLD,1996,Apartment,2,5746
2055200,3,2,2870,Brisbane,QLD,2018,Apartment,2,8343
2229908,5,2,2575,Sydney,NSW,1992,House,0,4154
2449211,2,3,3291,Melbourne,VIC,2007,House,1,7488
1382007,3,1,1539,Brisbane,QLD,1990,House,1,2498
2194997,4,2,2523,Sydney,NSW,1989,House,1,5220
1797562,4,2,2110,Perth,WA,2018,House,2,3720
2511620,4,2,3313,Melbourne,VIC,2003,House,0,8199
1744008,3,2,1515,Sydney,NSW,2017,House,1,3994
1434200,2,1,1496,Melbourne,VIC,2003,Townhouse,1,2799
1580843,3,2,1640,Melbourne,VIC,2012,Apartment,0,4214
1351417,3,2,800,Sydney,NSW,1996,House,1,1736
1894839,3,2,1684,Sydney,NSW,2023,House,2,3243
1683468,4,1,1544,Sydney,NSW,2015,Apartment,2,3529
1705817,2,3,2090,Melbourne,VIC,2014,Apartment,0,4325
1884484,4,2,2205,Melbourne,VIC,1985,Apartment,2,4068
1971568,3,2,3125,Perth,WA,1995,Apartment,2,8237
2079966,3,2,2570,Melbourne,VIC,2007,House,1,6930
1504951,2,2,1653,Brisbane,QLD,2020,House,1,4466
1235521,3,1,1460,Brisbane,QLD,2011,Apartment,0,3028
1966709,2,3,2295,Melbourne,VIC,2005,House,1,4026
1302372,5,1,1207,Brisbane,QLD,1990,House,1,3334
2392655,4,1,3098,Melbourne,VIC,2004,House,1,6178
2255602,3,3,2707,Melbourne,VIC,2010,House,0,7099
1721518,3,2,1718,Melbourne,VIC,2000,House,1,4684
1104477,5,2,972,Perth,WA,1982,House,1,2578
2167509,3,2,2812,Melbourne,VIC,1991,House,1,5862
1764378,2,2,1931,Melbourne,VIC,2019,House,1,5614
2260742,3,3,2742,Sydney,NSW,2020,Townhouse,0,6829
1445936,5,2,1043,Melbourne,VIC,2004,Apartment,1,2466
1539341,1,2,1640,Sydney,NSW,1996,Apartment,1,4177
1631306,3,3,2003,Adelaide,SA,2017,House,2,3139
1986917,5,2,2028,Melbourne,VIC,2015,House,1,4230
1787926,2,2,1729,Sydney,NSW,2015,House,0,4881
2039849,2,2,2373,Sydney,NSW,1998,House,0,4134
1751692,3,2,1359,Sydney,NSW,2023,House,1,2884
1914026,4,4,1914,Sydney,NSW,1981,House,0,4035
1639923,3,3,2072,Perth,WA,1996,House,1,4214
1774071,5,1,2308,Perth,WA,2009,Townhouse,2,5410
1559135,3,1,2426,Adelaide,SA,1989,Apartment,1,7267
1249514,2,1,1325,Brisbane,QLD,2014,House,1,2496
1290362,5,2,1079,Brisbane,QLD,2015,Apartment,2,2760
1905353,3,1,2766,Adelaide,SA,2012,House,1,7295
1402379,3,2,2199,Adelaide,SA,1980,Apartment,0,5227
1449242,3,3,1550,Perth,WA,1997,House,1,2553
2019506,3,3,2930,Perth,WA,1983,House,2,6912
1582848,2,2,2069,Brisbane,QLD,2006,Apartment,2,6063
2090704,1,2,2707,Sydney,NSW,2004,House,0,5450
1778041,3,2,2040,Melbourne,VIC,2007,Townhouse,1,5018
2373951,4,3,3236,Brisbane,QLD,2001,House,2,9512
2295717,3,3,3053,Melbourne,VIC,2021,Apartment,1,8234
1788066,5,4,1850,Perth,WA,2004,House,2,4686
1791344,3,2,2582,Perth,WA,1996,House,1,7637
1971907,3,2,2387,Melbourne,VIC,2023,Apartment,2,4191
2148683,2,1,2821,Sydney,NSW,1991,Apartment,2,7501
1358664,2,2,1421,Melbourne,VIC,1995,Apartment,0,2998
2160060,3,2,2411,Sydney,NSW,2016,House,1,4921
2108095,4,2,2635,Melbourne,VIC,1995,House,0,6010
1239799,5,2,944,Brisbane,QLD,1996,House,1,1464
1778010,5,2,1290,Sydney,NSW,2010,House,1,2539
1264612,3,1,800,Sydney,NSW,1994,Apartment,1,1399
1767786,4,1,1838,Melbourne,VIC,1992,House,1,3139
1749056,3,1,2430,Brisbane,QLD,2019,Apartment,1,4875
2274220,2,1,2901,Sydney,NSW,2006,House,2,7843
1629055,4,1,2044,Perth,WA,2000,House,1,3683
2311195,3,2,2977,Melbourne,VIC,1981,House,2,6838
1410394,2,2,1171,Sydney,NSW,1987,House,0,3073
1543860,3,4,977,Melbourne,VIC,2021,House,1,1820
1513809,3,2,1966,Adelaide,SA,1986,House,1,5676
1869205,4,1,2230,Melbourne,VIC,1989,Apartment,1,6244
1514367,3,2,1980,Brisbane,QLD,1983,Townhouse,1,3716
1201446,5,3,800,Perth,WA,2022,Apartment,1,2387
1638312,2,2,1946,Brisbane,QLD,2020,House,2,4873
1592525,3,2,1217,Sydney,NSW,2015,House,0,2348
1885517,3,2,2401,Brisbane,QLD,2014,House,2,6056
1780229,3,3,2219,Adelaide,SA,2022,House,1,5548
1422523,3,3,1436,Brisbane,QLD,1982,House,1,3459
1396066,4,2,1691,Perth,WA,1997,Townhouse,1,4343
1756863,4,3,1364,Melbourne,VIC,2022,House,2,2595
1975843,5,3,1962,Melbourne,VIC,2003,House,1,5825
1951320,4,2,2573,Brisbane,QLD,2011,Townhouse,2,7170
1615596,4,2,1408,Melbourne,VIC,2013,House,0,3688
1533053,3,2,2302,Perth,WA,1981,Apartment,1,3544
1348209,4,3,1681,Adelaide,SA,1981,Apartment,1,4012
1247964,3,1,1524,Perth,WA,1989,House,1,3901
1533586,3,4,1935,Adelaide,SA,2002,Apartment,1,5383
1491298,3,1,1378,Melbourne,VIC,1994,House,1,4025
1271680,3,2,1667,Perth,WA,1991,Apartment,1,4792
1589151,3,3,1281,Melbourne,VIC,2022,House,1,2702
2591935,5,2,3178,Sydney,NSW,1996,House,1,9042
1509407,3,2,2021,Brisbane,QLD,1997,Apartment,1,3034
1556494,2,1,1580,Melbourne,VIC,1993,House,1,3203
1412071,3,2,2128,Adelaide,SA,1996,Apartment,1,3556
1680107,2,1,1932,Melbourne,VIC,1994,House,2,5458
1311806,2,2,1867,Adelaide,SA,1991,Apartment,2,5400
2079887,3,2,2368,Sydney,NSW,1995,House,1,4462
1877430,3,4,2454,Perth,WA,2011,Townhouse,1,5034
1586707,3,4,1681,Brisbane,QLD,2002,House,1,5004
1565892,4,1,1654,Brisbane,QLD,2017,House,2,3886
1824544,4,3,1834,Melbourne,VIC,2013,Apartment,2,4120
955262,3,1,800,Brisbane,QLD,2013,Townhouse,0,1800
1314511,3,1,1090,Melbourne,VIC,1995,Townhouse,2,2775
1945721,3,1,2820,Brisbane,QLD,2013,House,0,8268
2335753,4,4,2986,Melbourne,VIC,2019,Apartment,1,6123
1916860,2,4,1850,Sydney,NSW,1986,House,2,3255
1893751,1,1,2345,Sydney,NSW,2012,Apartment,2,4169
1909515,4,1,2186,Melbourne,VIC,1983,House,2,3346
2461431,3,2,3847,Adelaide,SA,2022,House,1,8976
1988133,2,2,2671,Melbourne,VIC,1986,Townhouse,1,7731
1520290,3,2,1923,Perth,WA,1997,Townhouse,2,4942
1560611,5,2,1426,Melbourne,VIC,1983,Apartment,1,4264
1057580,4,3,1036,Adelaide,SA,1990,Apartment,1,2967
1928738,4,2,2122,Melbourne,VIC,2022,Apartment,1,4748
1887414,3,4,1546,Sydney,NSW,1999,House,2,3447
1082578,3,2,1146,Brisbane,QLD,1990,Apartment,2,2800
1510523,5,2,1612,Brisbane,QLD,1994,Apartment,1,2686
1746004,5,3,1351,Melbourne,VIC,1996,House,2,3258
2252846,3,3,3012,Melbourne,VIC,2013,Apartment,0,6615
2133533,4,2,2528,Sydney,NSW,1991,Apartment,1,6231
1766744,2,2,1995,Melbourne,VIC,2021,Townhouse,1,4684
2098098,3,4,2887,Brisbane,QLD,2007,House,0,5676
1891882,3,1,2046,Melbourne,VIC,2014,House,2,4935
1571234,3,1,1483,Melbourne,VIC,1987,Townhouse,2,3039
2376226,5,2,2913,Melbourne,VIC,2006,House,1,5221
1989284,2,3,2323,Sydney,NSW,2001,Apartment,2,5837
1389206,3,3,1377,Brisbane,QLD,2003,Townhouse,1,2699
1578999,5,4,1885,Brisbane,QLD,1981,Apartment,1,5343
1820303,5,2,1474,Sydney,NSW,2010,Townhouse,2,2652
1430569,2,1,1170,Sydney,NSW,2001,House,1,2809
2178934,3,2,2555,Sydney,NSW,1980,House,2,6024
2078629,3,3,3145,Adelaide,SA,1993,House,1,5651
1261380,2,1,1160,Melbourne,VIC,2004,Apartment,2,2507
2116416,5,1,2337,Melbourne,VIC,2015,House,1,5875
1604708,5,1,1609,Melbourne,VIC,2015,Apartment,0,3183
1397054,2,2,1707,Adelaide,SA,2020,House,1,2853
1333239,2,3,1644,Brisbane,QLD,1982,Townhouse,1,3984
1573159,2,2,1481,Sydney,NSW,1984,House,0,2720
1949335,5,4,2029,Melbourne,VIC,1980,House,0,5117
1136909,2,1,1501,Brisbane,QLD,1998,Apartment,2,4142
1945566,3,4,2162,Melbourne,VIC,2012,Apartment,2,3643
1971331,3,3,1969,Melbourne,VIC,2021,House,2,4247
1452695,3,2,1856,Adelaide,SA,2009,Townhouse,2,4024
1373723,2,4,1455,Adelaide,SA,1991,House,2,3564
1270646,3,2,1653,Adelaide,SA,1989,House,0,3310
2400256,5,3,2453,Sydney,NSW,2013,House,2,5220
2184485,5,3,2300,Sydney,NSW,1995,Apartment,2,3492
1698344,4,3,1413,Melbourne,VIC,2019,House,0,2379
1423090,1,2,2059,Perth,WA,2008,Apartment,1,4849
1760829,3,1,2450,Brisbane,QLD,1994,House,1,4469
1147526,3,2,998,Perth,WA,1990,House,2,1714
1731125,3,2,2326,Adelaide,SA,2023,House,1,4620
1646880,5,3,1602,Brisbane,QLD,2013,Townhouse,2,2796
2030427,3,3,2342,Sydney,NSW,2015,Apartment,0,3723
1742277,2,4,1542,Sydney,NSW,2009,House,0,2969
1474729,5,1,917,Melbourne,VIC,2014,House,2,1601
1478055,5,3,1023,Melbourne,VIC,1988,House,0,2762
1919245,2,4,2028,Sydney,NSW,1997,Apartment,1,3233
1736884,3,3,2155,Brisbane,QLD,1998,House,1,5650
1758034,3,1,1457,Sydney,NSW,2018,House,2,3022
1717135,3,1,2383,Brisbane,QLD,1983,House,1,5988
843798,2,1,1003,Perth,WA,1985,Apartment,0,1583
1956735,3,2,1960,Sydney,NSW,2012,House,1,5647
1756657,5,2,1273,Sydney,NSW,2011,House,1,3375
1721543,3,4,1608,Sydney,NSW,1995,Apartment,1,2751
1944339,2,2,2028,Sydney,NSW,1990,House,2,3708
1572427,3,2,1483,Melbourne,VIC,2001,Apartment,2,3658
1612462,3,2,1769,Brisbane,QLD,2015,House,2,5099
1979772,4,3,2603,Brisbane,QLD,2002,House,0,5646
1806215,3,4,1653,Melbourne,VIC,2005,House,1,3685
1983894,2,3,2501,Melbourne,VIC,2010,Apartment,2,4644
1265495,2,2,1322,Brisbane,QLD,2008,House,1,2742
1988741,4,2,2317,Sydney,NSW,1984,House,0,4471
2453878,3,3,2864,Sydney,NSW,2017,House,2,5803
1147745,4,2,800,Perth,WA,2004,House,1,1224
1685377,3,2,1521,Melbourne,VIC,2013,House,2,2376
1684532,3,1,2346,Perth,WA,1991,House,0,5914
1815109,3,1,1878,Sydney,NSW,2001,House,1,4738
2209548,5,3,2222,Sydney,NSW,1988,House,2,4435
1725574,5,1,1637,Melbourne,VIC,1999,House,1,4631
1560209,3,2,2051,Perth,WA,2008,House,1,3897
1558709,3,2,1906,Perth,WA,2023,House,0,3991
2184064,2,2,2700,Sydney,NSW,2008,House,1,7013
1623731,3,2,2152,Adelaide,SA,2006,House,1,5629
1887427,3,2,2202,Melbourne,VIC,1996,Apartment,2,6148
1690208,5,1,1752,Sydney,NSW,1984,Apartment,0,2705
1815487,5,1,1707,Sydney,NSW,1992,House,0,3031
1669807,3,2,1740,Melbourne,VIC,2021,Apartment,1,4283
1885424,3,2,2236,Melbourne,VIC,1994,Townhouse,1,4489
1926753,4,2,1747,Sydney,NSW,1994,House,1,2735
1693788,4,1,2173,Adelaide,SA,1997,House,2,5173
2024870,1,3,3245,Brisbane,QLD,1981,Townhouse,2,6781
1762633,3,2,2522,Perth,WA,2002,Apartment,1,5161
1666980,3,1,1804,Melbourne,VIC,2022,Apartment,1,3422
1917280,3,1,2720,Brisbane,QLD,1992,House,1,4105
1755029,2,4,1755,Melbourne,VIC,2022,House,0,3112
916340,1,2,800,Brisbane,QLD,1983,House,1,1769
1215176,3,2,1395,Adelaide,SA,2004,Apartment,2,2669
1103268,3,3,877,Brisbane,QLD,1990,House,0,2467
1656786,2,3,1789,Melbourne,VIC,2021,Apartment,0,3067
1934675,3,3,2011,Sydney,NSW,1991,Townhouse,2,5657
2007945,4,2,3005,Adelaide,SA,1992,House,1,6334
2028550,4,2,2196,Sydney,NSW,1988,House,1,4202
1397281,3,1,1868,Perth,WA,2017,Apartment,1,3655
2158189,3,4,2497,Melbourne,VIC,1985,House,2,4983
1411724,5,2,800,Melbourne,VIC,2022,Townhouse,1,1807
1643429,3,2,2141,Brisbane,QLD,2022,Apartment,1,4348
2120170,3,4,2462,Sydney,NSW,1989,House,0,6084
1592937,3,4,1112,Melbourne,VIC,2002,House,2,2379
2181083,2,4,2686,Sydney,NSW,1994,Apartment,1,6735
1789265,3,3,2203,Brisbane,QLD,2002,House,2,5302
2137963,5,4,1750,Sydney,NSW,2019,House,2,3268
2132496,3,2,2379,Sydney,NSW,2016,House,1,6470
2163635,3,3,3362,Perth,WA,2013,Apartment,0,9073
2019232,5,3,2109,Melbourne,VIC,1995,House,1,6292
1822274,1,2,2148,Sydney,NSW,2020,Apartment,1,3787
1732902,3,1,1724,Melbourne,VIC,2011,House,2,4779
1738939,3,4,1490,Melbourne,VIC,2017,House,1,4184
2096532,3,2,2498,Melbourne,VIC,2019,House,1,6153
1162415,1,3,1486,Adelaide,SA,1984,House,1,3358
1474054,3,1,2042,Brisbane,QLD,1996,Townhouse,0,5997
1682784,3,1,1713,Sydney,NSW,2001,Townhouse,1,5070
1973710,3,2,2287,Melbourne,VIC,2018,House,0,5632
2075230,3,2,2200,Sydney,NSW,2020,House,1,4486
2155972,3,2,2622,Sydney,NSW,1997,Townhouse,1,7148
1318692,2,2,1693,Adelaide,SA,2007,House,1,2767
1745809,3,1,1838,Melbourne,VIC,1992,House,1,3558
1229398,2,1,1412,Perth,WA,2021,House,0,4207
1799180,5,2,1733,Sydney,NSW,1980,Apartment,1,4717
1990359,3,1,2226,Sydney,NSW,1998,House,1,6477
2027007,3,3,2454,Melbourne,VIC,2013,Apartment,1,5870
1643550,4,2,1446,Melbourne,VIC,1983,House,2,3054
1850982,3,1,2521,Brisbane,QLD,2022,House,0,7488
2136751,3,2,2813,Melbourne,VIC,1982,House,1,5525
2023439,4,1,2248,Melbourne,VIC,2020,Townhouse,1,5926
2087177,4,1,3126,Brisbane,QLD,1989,Townhouse,1,7306
1334249,3,2,1535,Brisbane,QLD,2007,Apartment,2,2829
1204470,1,3,1253,Perth,WA,2013,House,0,1912
1545869,3,4,932,Melbourne,VIC,2018,House,2,1936
2097031,4,3,2897,Perth,WA,1998,House,0,6726
1999888,2,2,2392,Melbourne,VIC,2021,House,1,4246
1569924,3,2,1966,Brisbane,QLD,2015,Townhouse,2,4172
1731054,4,2,2167,Perth,WA,2022,House,0,5252
1394055,1,3,1324,Sydney,NSW,1982,Apartment,2,3407
2595931,4,4,3467,Melbourne,VIC,2002,House,0,5475
1525766,3,1,2077,Adelaide,SA,1996,House,2,5186
1678867,3,1,2065,Melbourne,VIC,1986,Apartment,1,3274
1678602,1,2,2435,Perth,WA,2005,House,1,3756
2295073,4,3,2288,Sydney,NSW,2022,House,2,3956
1748087,3,3,2134,Brisbane,QLD,1997,House,1,5294
1319812,3,2,1525,Perth,WA,1985,Townhouse,1,2409
2127344,3,4,2282,Melbourne,VIC,2010,House,2,3495
2397572,4,2,3129,Melbourne,VIC,2008,House,0,5247
2403802,5,4,2807,Sydney,NSW,1988,Apartment,1,8210
2522784,3,4,2955,Sydney,NSW,2014,House,2,8456
1692047,3,3,1693,Melbourne,VIC,1996,House,1,2759
1376859,5,2,1406,Perth,WA,1991,House,0,2750
1439051,3,1,1924,Adelaide,SA,2015,House,0,5621
1677452,3,2,2033,Brisbane,QLD,2003,House,1,3348
1704462,2,2,2656,Perth,WA,1989,Apartment,1,4361
1299707,4,3,984,Brisbane,QLD,2009,House,0,1603
2033402,3,1,2917,Brisbane,QLD,2008,House,2,8650
1624104,3,2,1905,Brisbane,QLD,2018,House,1,4981
1774951,3,3,1743,Melbourne,VIC,1989,House,2,3176
1535387,2,1,1392,Melbourne,VIC,2018,House,2,2185
1557886,3,2,1007,Sydney,NSW,2007,House,2,2968
1774060,2,2,2493,Perth,WA,1997,House,1,5332
2006803,3,2,2043,Sydney,NSW,2020,House,1,4900
1479043,3,1,1226,Sydney,NSW,1996,House,1,2352
1441723,3,3,1222,Melbourne,VIC,1990,House,1,3225
1400577,4,2,1798,Adelaide,SA,1980,House,1,3228
2228887,4,4,3001,Brisbane,QLD,1996,House,2,8044
1844927,4,2,1844,Melbourne,VIC,2015,House,0,3404
1047712,1,2,1098,Brisbane,QLD,2015,Apartment,1,1808
1219891,2,1,1852,Adelaide,SA,1988,Apartment,1,4109
1789013,3,1,1836,Melbourne,VIC,2007,House,2,4994
1466887,5,2,800,Melbourne,VIC,2012,Townhouse,2,1661
1665496,4,1,1967,Melbourne,VIC,1982,Townhouse,0,3036
1810929,4,2,1861,Melbourne,VIC,1987,House,1,4337
1723541,3,2,2417,Adelaide,SA,1985,House,2,6094
1977497,3,2,3109,Brisbane,QLD,1985,Townhouse,1,8118
1903642,3,1,2675,Brisbane,QLD,2008,House,2,5627
1745205,2,3,1838,Melbourne,VIC,2016,House,0,3025
1130145,1,4,1336,Adelaide,SA,1991,Townhouse,1,3175
2573224,5,1,3544,Sydney,NSW,1988,Apartment,1,7067
1990058,3,1,2035,Sydney,NSW,2020,House,2,5944
1876874,3,4,2008,Sydney,NSW,1998,Apartment,1,4526
1490451,2,1,1985,Brisbane,QLD,1996,House,1,4384
1857355,5,4,2118,Brisbane,QLD,2023,Townhouse,1,4161
1767882,3,1,1913,Melbourne,VIC,2011,House,1,3842
1623926,3,3,1655,Brisbane,QLD,2014,House,2,3757
1734213,5,2,1671,Melbourne,VIC,1993,Apartment,2,3276
1951089,3,4,1980,Sydney,NSW,1995,House,0,5621
1835410,3,2,1673,Sydney,NSW,2000,House,2,3613
1416937,1,2,1572,Melbourne,VIC,1991,House,0,3047
1488481,2,1,2063,Perth,WA,2003,House,1,3576
1590453,4,2,1847,Brisbane,QLD,2013,Townhouse,2,4633
2351137,4,3,2902,Sydney,NSW,1987,House,0,4465
1395740,3,2,800,Sydney,NSW,2023,House,0,1739
1862441,3,4,2654,Perth,WA,2000,Apartment,1,6173
2259290,3,2,2747,Sydney,NSW,1987,House,2,5521
1248480,1,3,800,Melbourne,VIC,2007,House,1,2099
1763567,3,2,1794,Sydney,NSW,1995,House,1,4510
1810913,3,4,1777,Melbourne,VIC,1989,House,2,5255
1601324,3,4,1155,Melbourne,VIC,1994,House,2,2615
1798858,4,2,1533,Sydney,NSW,1983,House,2,3536
1496815,3,3,1333,Melbourne,VIC,2005,Apartment,1,2492
2237430,2,3,3051,Melbourne,VIC,1994,House,0,6341
2053815,3,2,2561,Sydney,NSW,2015,Apartment,0,3945
1995117,4,2,2762,Brisbane,QLD,2011,Apartment,2,7001
1855514,3,1,2433,Perth,WA,2022,House,2,4786
1608820,2,3,1322,Sydney,NSW,2017,Townhouse,2,3055
1651720,3,1,1685,Sydney,NSW,1983,House,0,3172
2008838,4,1,2293,Sydney,NSW,2020,Apartment,0,5577
1425446,3,2,1266,Melbourne,VIC,1988,House,0,2750
1830045,4,2,2427,Perth,WA,2014,House,0,5396
1991339,5,3,1855,Sydney,NSW,2007,Townhouse,1,5407
1931815,4,4,1775,Melbourne,VIC,2016,Townhouse,2,4542
2091797,3,2,2426,Sydney,NSW,1988,House,1,4593
1857785,3,1,2266,Melbourne,VIC,1981,House,1,5113
1637533,1,3,1783,Sydney,NSW,1982,Townhouse,1,3923
1982395,5,2,2695,Adelaide,SA,2023,House,0,7258
1346580,3,2,1351,Brisbane,QLD,1984,House,2,3716
1876546,2,2,2369,Melbourne,VIC,1989,House,1,4561
1587276,3,2,2355,Perth,WA,2007,Apartment,0,6435
1836607,3,2,1814,Sydney,NSW,1994,Townhouse,1,3209
1999737,3,3,2195,Sydney,NSW,1993,Townhouse,1,5805
1150830,3,2,1249,Adelaide,SA,2002,House,0,2340
1984648,3,3,2554,Melbourne,VIC,1992,Apartment,1,4973
1497509,4,2,1889,Adelaide,SA,1995,House,1,5249
1414420,3,2,1686,Brisbane,QLD,2009,Apartment,1,3592
1917370,3,3,2629,Adelaide,SA,2019,House,1,7851
1413990,3,2,1577,Brisbane,QLD,1987,House,1,2725
1398738,3,2,1154,Sydney,NSW,1996,Apartment,1,2535
1208956,4,2,1066,Perth,WA,2009,House,1,2770
2129423,3,2,2363,Sydney,NSW,1996,House,2,3564
1387878,3,3,1231,Brisbane,QLD,2014,House,1,2128
2110904,2,2,3052,Melbourne,VIC,1980,Apartment,1,4672
1358848,5,3,800,Brisbane,QLD,2003,House,2,2391
2041963,3,1,3017,Brisbane,QLD,2004,House,1,7970
1620101,4,2,2126,Perth,WA,1981,House,0,4381
1414668,1,4,1941,Perth,WA,2004,Apartment,1,3368
1424304,3,3,1673,Perth,WA,1993,House,2,2736
1852390,3,1,2239,Melbourne,VIC,2018,Apartment,2,5146
1631463,4,2,1977,Perth,WA,2012,Townhouse,2,5860
1980409,3,2,2661,Brisbane,QLD,1996,House,1,6686
1650951,5,2,2068,Perth,WA,2010,Apartment,2,4235
1569813,3,3,2090,Adelaide,SA,1989,House,0,4705
1819078,3,3,1781,Sydney,NSW,1985,House,1,5342
1863554,2,2,1965,Melbourne,VIC,2018,House,2,4478
1786375,4,3,2184,Perth,WA,2004,House,1,6436
1391812,3,2,973,Sydney,NSW,2017,Townhouse,0,1484
1494723,4,1,1191,Melbourne,VIC,2016,Townhouse,1,3074
1921143,5,2,2445,Perth,WA,2009,Townhouse,2,5969
2134695,5,4,2102,Sydney,NSW,2013,Townhouse,0,5315
1530136,3,3,1889,Adelaide,SA,1997,House,1,4451
1491241,3,2,2011,Adelaide,SA,2003,House,0,3149
1943861,4,2,2208,Melbourne,VIC,2006,House,1,3808
1485628,2,4,1676,Brisbane,QLD,2006,Apartment,2,4832
1800656,3,2,1533,Sydney,NSW,2018,House,0,2835
1488236,1,2,2117,Brisbane,QLD,2000,Townhouse,0,6330
1568633,3,4,1412,Melbourne,VIC,1998,Apartment,1,3559
1645791,2,3,2244,Perth,WA,2018,Apartment,1,4863
1416266,2,2,978,Sydney,NSW,2002,House,1,2818
1894658,3,2,2617,Brisbane,QLD,2018,House,1,7047
1835054,3,2,2283,Brisbane,QLD,2023,House,2,4894
1869222,3,1,2153,Sydney,NSW,1994,Townhouse,1,3452
1979027,2,4,2589,Perth,WA,2022,House,1,7257
1877600,3,2,2999,Adelaide,SA,1981,Apartment,1,7940
1843593,2,3,2608,Brisbane,QLD,2014,Townhouse,1,7007
1059658,3,1,895,Brisbane,QLD,1999,House,0,2343
1438608,3,2,1232,Melbourne,VIC,2007,House,1,2358
1623356,3,1,1625,Melbourne,VIC,1994,House,2,4531
2031201,4,3,2015,Sydney,NSW,1995,House,1,3030
1996326,3,2,2310,Melbourne,VIC,2012,Townhouse,1,4288
1602564,4,2,1564,Melbourne,VIC,1991,House,0,2456
1673984,3,1,2112,Brisbane,QLD,2018,House,1,3518
1809817,3,2,1546,Sydney,NSW,2018,House,1,3555
1758886,3,1,1633,Sydney,NSW,2022,House,1,2540
1111325,1,2,1156,Brisbane,QLD,1999,House,1,2048
1521483,3,2,1446,Sydney,NSW,2008,Apartment,0,2673
1589744,3,2,1188,Melbourne,VIC,2022,House,2,2952
1469524,3,2,1414,Sydney,NSW,1982,Apartment,1,3116
2038054,2,2,2632,Melbourne,VIC,1984,House,1,5758
1159216,2,2,1430,Adelaide,SA,1981,House,2,3794
2294023,5,2,3579,Perth,WA,2002,Townhouse,0,7821
2033023,3,1,2295,Sydney,NSW,2005,House,2,4644
1876418,2,3,2110,Melbourne,VIC,2005,House,1,6213
1288541,3,2,1484,Adelaide,SA,1986,House,1,2245
1565128,3,1,2420,Perth,WA,1989,Apartment,1,4738
1707162,4,1,1654,Sydney,NSW,1984,House,1,3994
1475412,1,3,2073,Perth,WA,1991,House,0,5544
2742232,3,3,3536,Sydney,NSW,2011,House,2,9634
1987414,4,2,1942,Melbourne,VIC,2021,House,2,3047
2110850,1,2,2689,Sydney,NSW,2010,House,1,6895
1330281,3,2,1578,Adelaide,SA,2001,Townhouse,2,4072
1805749,5,4,1979,Brisbane,QLD,1996,Apartment,2,3604
2424668,3,3,3062,Sydney,NSW,1999,House,1,5111
1463436,3,2,1623,Brisbane,QLD,1999,House,1,4261
2404849,2,3,3087,Sydney,NSW,2022,House,0,5786
2084950,1,3,2424,Sydney,NSW,1987,House,2,3643
1707900,3,2,1662,Melbourne,VIC,2013,Apartment,2,3051
1791028,4,2,2379,Brisbane,QLD,2002,House,0,3680
2202337,3,1,2583,Sydney,NSW,2017,House,1,4840
2079603,4,1,2373,Melbourne,VIC,2007,House,2,4752
1516044,5,3,1057,Melbourne,VIC,1992,House,0,2017
1450882,3,2,1563,Brisbane,QLD,2008,House,1,4503
1697030,2,3,1851,Sydney,NSW,1987,Apartment,1,3423
1932934,3,4,1955,Sydney,NSW,1990,House,1,4304
2013713,5,1,2372,Melbourne,VIC,1997,House,0,6965
1975903,4,2,2106,Melbourne,VIC,2004,House,1,5938
1195565,2,3,1198,Brisbane,QLD,2001,Apartment,1,2354
1770042,3,3,2228,Adelaide,SA,2014,House,2,4433
2139202,3,3,2366,Sydney,NSW,2008,House,1,5655
1862728,5,2,2335,Brisbane,QLD,2000,House,1,6719
2101265,2,2,2648,Sydney,NSW,1986,House,1,4012
2030855,3,2,2500,Sydney,NSW,1991,House,0,5224
2123289,4,4,2275,Melbourne,VIC,2015,House,2,6313
1619701,3,2,1957,Brisbane,QLD,2003,House,2,4142
1273897,3,4,1003,Perth,WA,2011,House,1,2588
1654842,2,2,2257,Brisbane,QLD,2006,House,1,5729
2028942,3,4,2124,Sydney,NSW,2011,Apartment,1,3841
1711518,3,2,2162,Brisbane,QLD,2011,House,1,4703
1384361,5,2,1233,Perth,WA,2011,House,0,2898
1535089,3,2,1351,Melbourne,VIC,2005,House,1,3477
1710494,3,2,2631,Adelaide,SA,1990,Apartment,2,7194
1787810,3,2,1976,Sydney,NSW,1997,Townhouse,0,5217
1586122,2,1,2408,Perth,WA,2018,Apartment,1,3715
1702283,3,1,2016,Melbourne,VIC,1984,House,0,5054
1551639,4,2,2017,Brisbane,QLD,1995,Apartment,0,4532
1961965,4,3,2562,Brisbane,QLD,1990,House,1,6050
1694473,3,2,1690,Melbourne,VIC,2014,House,1,3481
1528154,3,1,2057,Adelaide,SA,1990,House,2,5290
1821887,2,3,1722,Sydney,NSW,2021,House,1,4325
1906050,5,2,1739,Sydney,NSW,2002,House,1,4120
1558520,2,4,1814,Perth,WA,2013,House,1,5066
2101230,4,2,2133,Sydney,NSW,1996,House,2,3525
1483579,3,1,1712,Melbourne,VIC,1989,Townhouse,0,3342
2091079,5,2,2753,Brisbane,QLD,1997,House,1,6175
1480400,4,2,1463,Brisbane,QLD,2023,House,2,4298
1365710,4,1,1887,Adelaide,SA,1987,Townhouse,0,3035
1447628,3,1,1736,Brisbane,QLD,2005,Apartment,2,3482
1884916,3,1,2868,Perth,WA,1982,House,1,8285
1450560,3,2,2117,Adelaide,SA,2003,Apartment,0,6029
2093728,4,2,2619,Melbourne,VIC,1982,House,1,7327
1351661,2,2,1108,Melbourne,VIC,2017,House,0,2175
1589716,5,1,2160,Brisbane,QLD,1981,Apartment,1,5984
2254163,4,2,2533,Sydney,NSW,2014,House,1,5721
1828265,3,2,2049,Sydney,NSW,1996,Apartment,0,4979
1978056,4,2,2639,Brisbane,QLD,1988,House,2,4904
1308847,3,1,1689,Adelaide,SA,2015,Apartment,1,4325
2254821,3,1,2845,Melbourne,VIC,2001,House,1,5667
2570282,3,2,3379,Sydney,NSW,2010,Townhouse,1,6812
1680566,3,1,1782,Melbourne,VIC,2013,House,0,4375
1741919,4,2,1732,Melbourne,VIC,2003,Townhouse,2,3222
2251412,3,2,2872,Melbourne,VIC,1988,House,2,5274
2007437,3,2,2947,Brisbane,QLD,2022,Apartment,0,6053
1647964,3,2,1686,Sydney,NSW,1981,Apartment,1,4497
1820804,4,2,1747,Melbourne,VIC,2000,House,1,3210
1354585,2,2,1830,Perth,WA,2013,Apartment,1,4908
1443589,4,3,1193,Brisbane,QLD,2006,House,2,3035
1738854,3,3,1448,Sydney,NSW,2016,House,0,3648
1437346,3,2,1397,Melbourne,VIC,1986,Apartment,1,3091
1611868,3,2,1539,Sydney,NSW,2001,Townhouse,0,4031
1480683,3,2,1979,Adelaide,SA,1983,House,1,3008
2028598,4,3,2140,Sydney,NSW,1993,House,1,4192
1977043,3,1,2930,Adelaide,SA,2013,House,2,7380
1467802,4,4,1400,Perth,WA,2002,Apartment,2,4176
1989182,2,2,2590,Melbourne,VIC,2023,Townhouse,0,3895
1772170,3,2,1871,Melbourne,VIC,2021,Apartment,2,4239
1680727,5,1,1970,Perth,WA,2004,House,1,5685
2126330,4,2,2404,Sydney,NSW,1980,House,1,6722
1517520,3,2,1326,Sydney,NSW,1994,House,0,2035
1912037,3,1,2229,Sydney,NSW,2011,Townhouse,0,5115
1805441,3,2,2099,Melbourne,VIC,1993,Townhouse,1,3163
2053968,3,3,2295,Melbourne,VIC,2020,Apartment,2,6161
1643451,4,2,2173,Adelaide,SA,2000,Townhouse,1,4267
2649003,4,2,3473,Sydney,NSW,1986,House,2,9198
1361870,3,1,1617,Perth,WA,2015,Apartment,2,4718
1954283,5,3,1681,Sydney,NSW,2000,House,1,4983
1793654,3,3,1626,Melbourne,VIC,2019,House,2,4620
1645897,3,2,1666,Sydney,NSW,1991,Apartment,0,3010
1330769,3,2,1617,Adelaide,SA,1994,House,0,2898
2141107,3,2,2713,Sydney,NSW,1994,Apartment,1,6617
1881939,3,2,2852,Brisbane,QLD,1996,Apartment,1,6606
1714095,3,2,1657,Sydney,NSW,2013,Apartment,1,2510
1425430,3,4,1500,Perth,WA,2023,Apartment,1,3132
2006952,2,2,2282,Melbourne,VIC,2014,House,2,6529
1885736,4,2,1668,Sydney,NSW,2018,House,1,4751
1852742,3,2,2379,Brisbane,QLD,2017,House,1,4297
1959399,2,3,2121,Sydney,NSW,1993,House,1,4398
1374660,4,1,1090,Melbourne,VIC,1984,House,1,2552
2502511,5,2,2928,Sydney,NSW,2009,House,1,8138
2227231,5,2,3077,Brisbane,QLD,1983,House,2,7072
1622070,3,2,1632,Melbourne,VIC,1994,House,1,4819
1852643,2,3,1767,Sydney,NSW,2018,House,1,4769
1696928,3,1,2171,Brisbane,QLD,2014,House,2,6361
1995135,2,3,2200,Sydney,NSW,1989,House,2,5715
2023604,5,1,2395,Melbourne,VIC,1981,House,0,6745
2111603,2,1,3206,Brisbane,QLD,2023,House,0,8805
1557135,3,3,1893,Adelaide,SA,2003,House,2,3561
1769709,3,2,1521,Sydney,NSW,2007,House,2,2805
1234493,3,2,1172,Brisbane,QLD,2001,House,1,3278
1783433,4,2,1561,Melbourne,VIC,2023,House,1,2540
1861609,3,2,1980,Melbourne,VIC,2011,House,1,4183
2305001,2,2,3076,Melbourne,VIC,2010,House,1,8402
1814776,3,4,1689,Sydney,NSW,1998,Apartment,2,4595
2020447,3,4,2134,Melbourne,VIC,2000,House,1,3645
1415816,2,2,1990,Brisbane,QLD,1982,Apartment,2,4441
2088077,3,2,2713,Melbourne,VIC,1985,House,1,6022
2613330,3,2,3516,Sydney,NSW,2011,Townhouse,2,6981
1813727,4,2,1681,Sydney,NSW,1981,House,1,4835
1700550,5,1,1706,Melbourne,VIC,2003,Apartment,2,4231
2260938,5,2,2626,Melbourne,VIC,2006,House,2,7801
2148389,5,1,2409,Sydney,NSW,1988,House,1,3854
2327723,3,1,3108,Melbourne,VIC,1992,House,1,6500
1587372,2,1,2350,Brisbane,QLD,1993,House,0,6469
1840154,3,2,1784,Sydney,NSW,1990,House,1,3808
1858245,4,3,2354,Brisbane,QLD,1993,Townhouse,2,4456
1874520,5,2,2665,Adelaide,SA,1995,Townhouse,1,7986
2100449,4,2,2492,Sydney,NSW,1989,Apartment,2,7002
1912721,2,1,2304,Sydney,NSW,1999,Townhouse,1,5345
2254155,5,2,2640,Melbourne,VIC,1995,House,1,6184
2229860,3,2,2701,Sydney,NSW,2013,Apartment,1,4080
1876753,1,2,2829,Brisbane,QLD,1995,House,1,8407
2023392,3,4,2389,Melbourne,VIC,1993,House,0,6473
1729500,1,1,1899,Sydney,NSW,2007,Apartment,2,2954
1987025,3,2,2088,Sydney,NSW,1997,House,2,3684
2147592,3,2,2723,Sydney,NSW,2005,Apartment,1,7440
1869103,3,4,1509,Sydney,NSW,2017,House,1,2461
1908627,3,3,2221,Melbourne,VIC,1986,House,1,6469
1897813,4,3,1763,Sydney,NSW,2013,Townhouse,1,5291
1754557,3,2,2017,Melbourne,VIC,1986,Townhouse,1,5708
2497364,3,4,2767,Sydney,NSW,2012,House,1,7217
1640560,4,1,2114,Perth,WA,2014,Apartment,2,4717
2062083,5,1,2027,Sydney,NSW,2018,House,0,3292
1537626,2,3,1184,Sydney,NSW,2000,House,1,3073
2240500,3,4,2447,Sydney,NSW,2007,Townhouse,2,5128
1689743,3,1,2387,Brisbane,QLD,2011,House,0,5622
2313104,1,1,3297,Melbourne,VIC,2023,House,2,6398
1786593,3,1,1815,Sydney,NSW,1995,House,1,3382
1936782,4,1,2131,Sydney,NSW,1989,House,0,4234
1528678,2,2,2149,Adelaide,SA,2002,House,0,5848
2002223,4,4,2946,Perth,WA,1994,Apartment,0,6304
1935537,4,2,1942,Melbourne,VIC,2022,House,0,3822
2006846,5,3,2167,Melbourne,VIC,1985,House,0,4658
2025736,3,3,2364,Melbourne,VIC,2012,House,1,3661
2060045,5,2,2111,Sydney,NSW,2018,House,0,5989
1536319,3,3,1732,Brisbane,QLD,1991,House,1,4031
1760288,3,2,2116,Brisbane,QLD,2015,House,2,3507
2136527,2,2,2644,Melbourne,VIC,2010,House,2,5110
1139758,1,2,1384,Perth,WA,1989,House,1,4118
1986890,4,2,2079,Melbourne,VIC,2013,House,2,4969
1688927,3,3,1579,Sydney,NSW,2020,Apartment,0,3060
2277948,3,4,2717,Sydney,NSW,1989,House,0,5813
1353929,2,2,1086,Melbourne,VIC,1990,House,1,2050
1815804,3,3,1664,Sydney,NSW,1993,House,2,2576
1683687,1,1,2226,Melbourne,VIC,1982,Townhouse,2,6151
2441431,4,3,2939,Sydney,NSW,2012,Apartment,1,5698
1698010,2,2,1960,Sydney,NSW,1986,Townhouse,1,5406
1188371,2,1,1666,Perth,WA,1983,Apartment,1,3696
2045659,3,2,3128,Adelaide,SA,2018,House,0,5551
1322629,3,2,1131,Melbourne,VIC,1989,Townhouse,1,3057
1005370,3,1,800,Brisbane,QLD,1994,House,1,1652
1824789,3,4,2264,Brisbane,QLD,1995,House,0,5799
1571538,5,1,1698,Brisbane,QLD,2017,House,0,4681
1710994,3,4,1387,Sydney,NSW,1983,House,2,4084
1774260,1,3,2425,Melbourne,VIC,1983,Apartment,1,3949
1925855,3,2,2146,Melbourne,VIC,2015,House,1,3246
1781734,4,2,1661,Melbourne,VIC,2006,House,1,3859
1562240,3,3,1231,Sydney,NSW,2001,Apartment,2,2335
1707820,2,2,2523,Brisbane,QLD,2001,Apartment,1,5560
1992812,4,2,2390,Sydney,NSW,1996,Apartment,0,3845
1870267,3,2,1940,Sydney,NSW,2013,Townhouse,1,4370
2456735,3,2,3107,Sydney,NSW,2011,House,1,5244
1568165,2,4,1357,Sydney,NSW,1985,House,0,3745
1120673,2,2,1084,Perth,WA,2012,House,1,2862
1328540,3,2,1584,Brisbane,QLD,1987,Townhouse,1,2553
1657741,3,2,1972,Perth,WA,2015,House,1,5433
1899523,3,3,2146,Melbourne,VIC,1984,House,1,4265
1740002,3,3,1855,Melbourne,VIC,1984,House,1,3764
1757368,3,2,2211,Brisbane,QLD,1989,House,2,3913
1685994,5,1,1249,Melbourne,VIC,2019,House,2,3438
2060330,4,1,2866,Melbourne,VIC,1986,Apartment,1,6039
1789569,4,2,1950,Melbourne,VIC,1991,Apartment,1,3068
1750166,2,2,2670,Adelaide,SA,2009,Apartment,2,7875
1777129,2,4,2205,Perth,WA,2004,House,2,4155
2125154,3,2,2274,Sydney,NSW,2007,House,2,6604
2059966,2,2,2341,Sydney,NSW,2022,House,0,4570
1853421,5,3,2268,Brisbane,QLD,1992,House,0,6232
2106023,2,2,2385,Sydney,NSW,2001,House,2,5955
2209962,3,2,2797,Sydney,NSW,1997,Apartment,2,7810
1998263,3,1,2117,Sydney,NSW,2006,House,1,6277
1962640,3,2,2425,Melbourne,VIC,1987,House,2,6808
1813472,2,4,1946,Melbourne,VIC,1985,House,2,4097
2199491,3,2,2864,Melbourne,VIC,1990,House,1,7795
1368988,3,2,1594,Adelaide,SA,2008,House,1,4092
2421171,4,2,3080,Melbourne,VIC,2020,House,1,4905
1856406,1,4,1975,Sydney,NSW,1984,House,1,5719
1525254,5,2,1141,Melbourne,VIC,1986,House,2,2510
1996500,4,2,2076,Sydney,NSW,2001,House,1,3534
1371302,3,4,1591,Adelaide,SA,1983,Townhouse,2,3402
2251490,4,1,2504,Sydney,NSW,2011,House,2,6022
1216294,1,3,1608,Adelaide,SA,1998,House,0,3794
1771579,5,2,1732,Melbourne,VIC,2012,House,0,4091
916715,3,2,866,Perth,WA,1980,Apartment,1,1631
1482446,3,2,1728,Brisbane,QLD,2020,Apartment,1,4233
1026259,3,2,800,Adelaide,SA,2023,House,1,2288
1050569,2,2,1049,Brisbane,QLD,2020,Apartment,0,2186
2043608,5,2,2456,Melbourne,VIC,1987,Apartment,1,6007
1620401,1,2,2471,Brisbane,QLD,2011,Townhouse,0,4611
1720898,3,1,2255,Brisbane,QLD,2009,House,1,3546
1169969,3,1,1419,Perth,WA,2007,Townhouse,0,3377
2202652,5,4,1971,Sydney,NSW,2020,Apartment,2,3097
1825214,3,2,1997,Sydney,NSW,2011,Apartment,1,5165
1614514,3,4,1304,Sydney,NSW,2004,Apartment,2,3269
2223105,3,1,2902,Melbourne,VIC,2013,Townhouse,2,5960
1883117,4,2,2526,Perth,WA,2012,Townhouse,2,5348
1755423,2,2,1867,Sydney,NSW,1992,House,1,5371
1864509,2,3,2016,Melbourne,VIC,2004,House,2,3063
1744740,3,3,2125,Brisbane,QLD,2021,Townhouse,0,4983
1067090,4,1,800,Perth,WA,2019,House,0,2308
1941203,2,4,1851,Melbourne,VIC,2018,House,2,5316
1687680,3,1,1590,Sydney,NSW,2023,House,0,3781
1401176,3,2,1399,Adelaide,SA,2023,House,2,2898
1852048,4,4,1831,Sydney,NSW,1989,Apartment,1,3018
2352180,5,3,3078,Brisbane,QLD,2010,House,1,5420
2166383,3,4,2384,Sydney,NSW,2023,Apartment,0,6007
1695936,3,2,1657,Sydney,NSW,1990,Townhouse,2,2527
1709267,3,1,2343,Perth,WA,2004,House,1,6621
1923032,1,1,2839,Brisbane,QLD,2013,House,2,6763
2004734,3,2,2554,Melbourne,VIC,1999,Apartment,1,4005
1520121,3,3,2035,Brisbane,QLD,1986,Townhouse,0,3785
1629130,3,1,1611,Melbourne,VIC,2012,House,1,3854
2181960,5,2,2418,Sydney,NSW,2014,Apartment,1,3757
1765381,3,2,2236,Brisbane,QLD,2008,House,0,5970
1806493,3,2,2537,Brisbane,QLD,1991,House,0,7306
1574367,3,2,2381,Perth,WA,1984,Apartment,1,7004
2136010,3,2,2629,Melbourne,VIC,1991,House,2,6838
1429032,3,3,1678,Brisbane,QLD,2008,Apartment,1,4676
2127107,3,1,2790,Melbourne,VIC,2014,House,1,6741
1825502,3,3,2118,Melbourne,VIC,1999,Apartment,1,4635
2456653,4,1,3245,Melbourne,VIC,2016,House,1,8339
1359702,5,1,1586,Adelaide,SA,1980,House,1,2913
2385314,3,2,3041,Sydney,NSW,1995,House,1,5063
1994005,1,3,2118,Sydney,NSW,2009,House,1,5599
1364656,3,2,1609,Brisbane,QLD,1988,Townhouse,0,4726
1837622,3,2,1709,Sydney,NSW,2021,House,1,4045
1428805,2,2,1807,Perth,WA,1989,House,1,4020
2048382,4,2,2254,Sydney,NSW,1992,Apartment,1,5188
2030913,5,3,2313,Brisbane,QLD,1999,House,2,5131
1899339,5,3,1655,Melbourne,VIC,2008,House,1,3581
1698404,2,1,1985,Sydney,NSW,1983,Apartment,2,5798
2240276,4,2,3285,Perth,WA,2007,House,2,7292
2225595,4,3,3036,Brisbane,QLD,2016,House,1,4924
2079657,3,2,2261,Sydney,NSW,1992,House,2,5989
1855093,3,2,2022,Sydney,NSW,1982,House,0,4222
1862468,4,1,2072,Melbourne,VIC,2016,Apartment,2,5316
1976952,3,2,2368,Melbourne,VIC,1998,House,0,5610
1559943,3,1,1386,Melbourne,VIC,2007,House,1,3562
1839563,3,3,1845,Melbourne,VIC,1998,House,1,2939
1429572,3,2,998,Melbourne,VIC,1996,House,2,1549
1884309,2,2,2239,Melbourne,VIC,1997,House,1,4630
2129946,5,3,2388,Melbourne,VIC,1997,Townhouse,2,6065
1798101,3,1,1710,Sydney,NSW,2002,House,2,3138
2082763,3,2,2944,Brisbane,QLD,2019,House,0,6330
1141442,2,2,1264,Brisbane,QLD,1988,Townhouse,1,3757
1510900,3,2,1121,Sydney,NSW,2008,House,1,2043
2103219,2,4,2134,Sydney,NSW,2021,House,1,5917
2164985,2,3,2628,Sydney,NSW,2008,Apartment,2,7196
2213517,3,1,3010,Melbourne,VIC,1981,House,2,8540
1701311,3,3,1724,Melbourne,VIC,1996,Apartment,2,4954
2107836,3,2,2647,Melbourne,VIC,2010,Apartment,2,5985
1576414,2,4,1976,Adelaide,SA,2007,House,0,4987
1827129,3,2,1896,Melbourne,VIC,2022,House,0,4605
1831069,2,2,2530,Brisbane,QLD,2018,Townhouse,2,4967
2232829,5,2,2391,Sydney,NSW,2009,Apartment,2,4590
1551488,3,2,1054,Sydney,NSW,2014,House,0,2121
2265035,3,2,2885,Sydney,NSW,1999,Townhouse,1,5274
2265099,3,2,2828,Melbourne,VIC,1995,House,2,7454
1655000,2,3,1624,Melbourne,VIC,2013,House,0,4787
1810355,5,2,2237,Brisbane,QLD,1993,Townhouse,1,6268
1918095,3,4,2296,Brisbane,QLD,2005,House,1,4195
1918394,3,2,2156,Sydney,NSW,1999,Apartment,2,3402
1626413,3,2,1669,Brisbane,QLD,2021,House,2,4401
1679019,1,4,1597,Sydney,NSW,2003,Apartment,2,3330
1960796,4,2,1984,Melbourne,VIC,2022,House,1,5431
2020995,3,3,2703,Brisbane,QLD,1997,House,1,7215
1845049,3,3,2326,Brisbane,QLD,2022,House,0,5671
1803696,2,2,1777,Sydney,NSW,1988,House,2,3347
1977366,2,2,2463,Sydney,NSW,1998,Apartment,1,4078
1183371,4,1,800,Melbourne,VIC,1999,Apartment,1,1503
2302469,3,2,2689,Sydney,NSW,2021,Townhouse,2,6090
1084854,3,2,956,Adelaide,SA,2009,House,0,2839
1680307,2,3,1782,Melbourne,VIC,2005,Apartment,2,2844
1227280,3,2,1328,Adelaide,SA,2010,House,1,2390
1212769,3,2,1223,Adelaide,SA,2014,House,1,2985
2028221,3,2,2696,Melbourne,VIC,1982,House,0,5275
2008974,3,4,1719,Sydney,NSW,2019,Townhouse,2,4793
1711334,3,1,2207,Brisbane,QLD,2008,House,2,3773
1714085,3,1,1971,Sydney,NSW,1985,House,0,5806
1967254,5,2,2286,Melbourne,VIC,1980,House,0,6558
2045332,2,4,2046,Sydney,NSW,2003,House,2,5793
1495579,3,4,1230,Melbourne,VIC,2017,Apartment,0,2164
2243387,3,2,2597,Sydney,NSW,2013,House,1,5180
1766293,3,3,1703,Sydney,NSW,1986,House,1,4610
1161572,3,2,1066,Brisbane,QLD,1990,Townhouse,2,2890
1454693,4,4,1743,Adelaide,SA,1990,Townhouse,1,4458
2357363,3,1,2900,Sydney,NSW,2015,House,1,6300
1912262,3,1,2510,Melbourne,VIC,1999,Apartment,2,4938
1668275,3,1,1790,Melbourne,VIC,1995,House,1,5272
1603863,2,2,1790,Sydney,NSW,1984,Apartment,1,3059
1430732,2,3,1807,Brisbane,QLD,2003,Apartment,0,2829
2303615,4,2,3246,Brisbane,QLD,2009,House,2,4913
2048615,2,4,2229,Sydney,NSW,2009,Townhouse,2,5935
1791746,3,2,2258,Brisbane,QLD,2018,House,0,3579
1786385,3,1,2618,Brisbane,QLD,2016,Apartment,2,6042
1951238,3,2,2143,Sydney,NSW,2012,Apartment,1,4395
1607164,3,2,1844,Brisbane,QLD,1999,House,2,3173
1905660,3,3,1882,Melbourne,VIC,2001,House,1,4914
1670187,2,2,1957,Brisbane,QLD,2020,House,2,3097
1734968,3,2,1977,Melbourne,VIC,2000,Apartment,1,3911
2008912,3,2,2436,Sydney,NSW,2016,Apartment,0,5709
1695442,3,2,2031,Brisbane,QLD,2006,House,2,4272
2146677,3,4,2439,Melbourne,VIC,2017,House,0,4607
1642868,3,1,1951,Brisbane,QLD,2014,House,1,5638
1909158,2,3,2047,Sydney,NSW,2017,Apartment,2,5929
992336,3,2,801,Brisbane,QLD,2019,Apartment,1,1701
1874577,1,2,2549,Melbourne,VIC,1985,House,0,5330
1908750,4,4,2207,Brisbane,QLD,2011,House,2,4329
2108747,3,2,2598,Melbourne,VIC,1995,House,1,7234
1356492,3,2,800,Melbourne,VIC,2007,House,1,1881
2499786,3,1,3253,Sydney,NSW,1995,House,2,5316
1525205,2,2,1916,Perth,WA,2006,House,2,5327
2073821,3,3,2664,Melbourne,VIC,1982,Apartment,1,6135
1166188,2,2,1376,Adelaide,SA,2000,House,1,2921
2096969,2,4,2367,Melbourne,VIC,2017,House,2,4751
1299465,3,2,1367,Brisbane,QLD,2017,Apartment,0,2255
1287916,3,1,1625,Brisbane,QLD,2009,Apartment,0,4771
2204560,4,1,3148,Brisbane,QLD,2001,House,2,8223
1602954,3,2,1885,Brisbane,QLD,1998,House,1,3201
1985722,3,4,2130,Sydney,NSW,2010,Townhouse,0,4829
2045887,3,2,2522,Melbourne,VIC,1999,House,1,5884
1840203,2,2,2297,Melbourne,VIC,1998,House,0,4024
1756620,3,3,2090,Melbourne,VIC,1981,Townhouse,0,4474
1874225,3,3,2218,Melbourne,VIC,2019,Apartment,0,5477
2434079,3,1,3442,Melbourne,VIC,2018,Apartment,2,6629
1933220,3,3,1965,Melbourne,VIC,2006,House,2,3925
2005333,4,2,2120,Sydney,NSW,1987,House,1,3569
2008542,5,1,2630,Brisbane,QLD,2006,House,1,5576
2230851,3,2,2663,Sydney,NSW,1994,House,2,6327
2124132,3,2,2712,Melbourne,VIC,1991,House,1,4542
1730903,3,2,2383,Brisbane,QLD,1993,House,1,5772
1649088,3,2,1314,Sydney,NSW,1986,House,2,2755
2092199,3,1,2980,Melbourne,VIC,1996,Apartment,1,7501
1509946,3,3,1312,Melbourne,VIC,2005,Townhouse,1,2587
1841672,5,4,2181,Perth,WA,2016,Apartment,2,5132
1577546,3,3,1547,Melbourne,VIC,1999,Apartment,1,3743
1863668,3,2,1961,Sydney,NSW,1989,House,1,4973
1931653,3,2,2197,Melbourne,VIC,1998,House,1,5790
2036270,4,2,2192,Sydney,NSW,1997,House,1,3737
1765063,3,1,2253,Brisbane,QLD,2009,House,2,6641
2045470,3,2,2968,Brisbane,QLD,2009,Apartment,2,8208
1728360,3,2,2272,Brisbane,QLD,2004,Townhouse,1,5324
1763079,4,3,1853,Melbourne,VIC,2003,Apartment,0,5255
1700094,1,2,2578,Perth,WA,1989,House,2,5346
2056196,4,2,2713,Melbourne,VIC,1981,Apartment,1,4210
1606421,3,2,1263,Sydney,NSW,2017,House,0,3272
2092866,3,2,2358,Sydney,NSW,2011,House,1,6874
1860517,3,2,2420,Brisbane,QLD,2014,House,1,4218
1465836,3,2,1821,Perth,WA,2016,House,0,4491
2006498,1,2,2825,Sydney,NSW,1986,Apartment,0,7685
1633663,4,2,1909,Perth,WA,1986,House,2,5457
1701867,3,1,2075,Brisbane,QLD,2006,House,2,3973
1812011,3,3,1896,Melbourne,VIC,1989,House,1,3210
1627961,2,3,2009,Brisbane,QLD,2012,House,0,3761
1636562,3,2,1342,Sydney,NSW,2022,Townhouse,1,3176
1103999,3,1,1135,Perth,WA,1986,Townhouse,1,3269
1999096,3,3,2956,Brisbane,QLD,1985,Townhouse,1,7018
1516819,3,2,1491,Melbourne,VIC,1985,House,1,4295
1271213,3,2,1405,Perth,WA,1992,House,0,3730
1389830,5,1,800,Sydney,NSW,1992,Townhouse,1,1918
1297356,3,2,1616,Perth,WA,1981,Townhouse,2,2477
1664856,4,3,1206,Sydney,NSW,1998,House,1,2411
1962416,2,3,2985,Brisbane,QLD,1998,Apartment,1,4735
2136711,3,2,2605,Melbourne,VIC,2017,House,1,5168
1354725,3,2,1587,Brisbane,QLD,1981,Townhouse,1,2529
2419817,3,1,3351,Melbourne,VIC,2005,House,2,5870
1742535,4,1,2589,Perth,WA,1985,Townhouse,1,5478
1806658,2,4,1805,Melbourne,VIC,1999,House,2,4101
1309517,2,2,800,Sydney,NSW,2002,House,0,1460
2549534,4,2,3374,Melbourne,VIC,1994,House,2,8770
1233287,3,3,1166,Brisbane,QLD,1985,House,0,2782
1361338,3,3,1012,Melbourne,VIC,2007,House,0,2570
2062988,3,3,2613,Melbourne,VIC,2014,Apartment,0,6792
2193051,4,1,3463,Perth,WA,1990,House,0,8972
1722520,2,1,2830,Perth,WA,1987,Apartment,1,8220
2025931,2,2,2338,Sydney,NSW,2003,House,1,4339
2031290,3,2,2356,Melbourne,VIC,2000,House,2,4490
2268362,5,4,2512,Sydney,NSW,2015,Apartment,0,4123
1781249,3,2,2455,Perth,WA,1986,House,1,5865
1607677,3,4,2168,Perth,WA,1984,Townhouse,1,4538
1545683,3,2,2062,Perth,WA,2008,Apartment,1,4628
1598245,5,3,1962,Brisbane,QLD,1995,Apartment,0,3443
1587042,4,2,1547,Melbourne,VIC,1985,House,0,3828
1952037,5,4,1831,Melbourne,VIC,1993,House,1,4448
1066326,1,1,984,Melbourne,VIC,1981,Townhouse,2,1867
1813653,2,2,1940,Sydney,NSW,2004,House,1,4266
1155041,3,3,1406,Adelaide,SA,2010,Apartment,0,3997
1540810,4,2,1337,Melbourne,VIC,1992,House,0,3559
1600278,3,2,2107,Adelaide,SA,1997,House,1,3879
1895963,3,4,2835,Perth,WA,1996,Apartment,1,7990
1843606,4,2,2550,Perth,WA,2007,Townhouse,1,4084
1327200,2,2,1057,Melbourne,VIC,1991,House,1,2243
1662910,3,1,1406,Sydney,NSW,2014,House,1,2278
2097266,3,3,2564,Melbourne,VIC,2001,Apartment,1,7401
1423335,3,2,1410,Brisbane,QLD,2018,House,1,2201
1801507,4,2,1865,Sydney,NSW,1980,House,0,3220
2098976,3,1,2330,Sydney,NSW,2016,House,1,6693
1416284,3,2,1418,Brisbane,QLD,2000,House,1,3367
1399400,3,1,2063,Perth,WA,1980,Apartment,2,5555
1114837,3,1,1199,Perth,WA,1983,Townhouse,2,1828
1761486,3,2,1639,Sydney,NSW,2011,House,0,3489
1437754,3,1,2191,Adelaide,SA,1980,House,0,6524
1046736,2,1,1044,Brisbane,QLD,1992,House,1,2474
1724677,2,2,2264,Brisbane,QLD,1996,House,1,6282
1810876,3,1,1988,Melbourne,VIC,1991,House,2,5855
1649927,3,2,2331,Brisbane,QLD,1986,Apartment,1,5892
1641699,4,1,2134,Brisbane,QLD,1982,House,2,4250
2193545,4,2,2818,Melbourne,VIC,2005,Apartment,1,5532
1967299,4,2,2075,Melbourne,VIC,2010,Townhouse,2,3334
1498084,3,3,1742,Perth,WA,2015,Townhouse,2,3731
1618672,3,2,2073,Adelaide,SA,2005,House,2,5956
1652934,3,1,2325,Perth,WA,1982,House,1,5156
1968391,2,1,2029,Sydney,NSW,2023,House,2,5817
1761158,2,2,2024,Melbourne,VIC,2007,Townhouse,1,5517
1790794,3,4,1578,Melbourne,VIC,2023,Townhouse,2,4698
1491586,5,2,1602,Brisbane,QLD,1996,Apartment,1,4681
1197134,2,2,1158,Perth,WA,2017,House,1,2965
2315961,1,1,3049,Sydney,NSW,2009,House,2,8560
1187455,4,2,1253,Adelaide,SA,1981,Townhouse,2,3287
1352021,3,2,1584,Brisbane,QLD,1987,Townhouse,2,4047
1647381,4,2,1568,Sydney,NSW,1993,Apartment,1,4037
2226069,4,3,2536,Melbourne,VIC,2016,House,2,6549
2040892,5,2,1823,Sydney,NSW,2014,House,2,3772
2204245,3,1,2748,Melbourne,VIC,2021,House,1,5869
1792326,3,2,1595,Sydney,NSW,2018,Townhouse,2,3097
1574353,3,2,2167,Brisbane,QLD,1990,Townhouse,0,3733
1387223,3,2,1498,Brisbane,QLD,1994,House,0,3278
2243091,3,2,3287,Melbourne,VIC,1981,Apartment,1,9367
1574115,2,2,1287,Sydney,NSW,2016,House,0,3188
1769423,3,2,2185,Brisbane,QLD,2022,House,1,3463
2039197,3,3,2380,Melbourne,VIC,2011,House,1,6466
1696149,4,2,2248,Adelaide,SA,2019,House,0,6526
1842597,4,3,1888,Melbourne,VIC,1992,House,1,5183
1918303,3,2,1922,Sydney,NSW,2022,House,1,4980
1425264,2,2,2026,Brisbane,QLD,1996,Apartment,0,3495
1670046,4,4,1911,Brisbane,QLD,1994,House,0,3868
2171172,3,2,2578,Sydney,NSW,2012,Apartment,1,6053
2554813,4,3,3326,Melbourne,VIC,1995,House,2,5372
1540365,5,3,1665,Brisbane,QLD,1992,Apartment,2,2763
1320515,2,1,1178,Sydney,NSW,2001,Townhouse,0,3418
1938513,4,2,1947,Sydney,NSW,2002,House,1,4972
2227850,1,1,3547,Brisbane,QLD,2015,House,1,6785
1607959,3,4,1517,Brisbane,QLD,2022,House,1,3021
2019650,3,3,2983,Perth,WA,1989,House,2,6195
2225869,2,1,3006,Melbourne,VIC,1996,House,1,4848
1719840,4,1,1667,Melbourne,VIC,2009,House,1,4351
1770292,1,2,2341,Melbourne,VIC,1992,Apartment,1,4133
2052593,2,2,2977,Brisbane,QLD,2009,House,2,8060
1475108,3,1,1772,Brisbane,QLD,2009,House,1,4907
1785582,4,2,1877,Melbourne,VIC,1986,House,1,4615
1771201,5,2,1650,Melbourne,VIC,1989,House,1,4383
1314584,4,1,1391,Brisbane,QLD,2014,Apartment,1,2445
1722777,3,3,1610,Melbourne,VIC,1981,House,2,3806
1573483,3,4,1265,Sydney,NSW,2009,Townhouse,0,3183
1890414,1,3,2020,Sydney,NSW,1998,House,1,5035
1431524,2,3,1538,Perth,WA,2018,House,1,2577
1610486,3,2,2140,Adelaide,SA,2016,House,0,4316
1275495,3,2,1066,Melbourne,VIC,1982,House,0,2119
1847383,3,2,2198,Melbourne,VIC,2004,Townhouse,1,5185
2263189,4,3,2500,Sydney,NSW,2013,Townhouse,1,6619
1421007,3,4,803,Sydney,NSW,2001,House,1,1893
1775098,2,3,2224,Melbourne,VIC,2017,Apartment,0,5855
2284256,2,3,2736,Sydney,NSW,1993,House,2,4511
1474266,4,2,1274,Brisbane,QLD,2018,House,2,3589
2302240,4,2,3003,Melbourne,VIC,1981,House,2,6922
1703694,4,2,2251,Perth,WA,2011,Townhouse,1,3503
1424188,2,1,1576,Brisbane,QLD,2022,House,1,3887
1957547,5,1,1966,Sydney,NSW,1982,House,1,4475
2090556,3,2,2334,Sydney,NSW,2020,House,0,4274
1384674,1,2,2045,Perth,WA,1987,Townhouse,2,5413
1844717,5,2,2323,Perth,WA,2005,Apartment,2,6738
1615809,3,2,1447,Melbourne,VIC,2011,House,2,2872
1906006,3,2,2101,Sydney,NSW,1990,Townhouse,1,4709
1094307,2,2,1151,Perth,WA,1980,Townhouse,2,1949
1821766,3,2,1933,Sydney,NSW,1994,Apartment,2,5596
1637283,5,2,1457,Sydney,NSW,1983,Apartment,1,2883
1181981,3,3,1558,Adelaide,SA,1983,Apartment,1,2793
1936616,3,2,2741,Perth,WA,2007,House,1,6080
1747768,2,2,2654,Brisbane,QLD,1989,House,0,4154
2163670,3,3,2365,Sydney,NSW,1990,House,2,4445
1470302,3,3,1344,Melbourne,VIC,2002,Townhouse,1,2153
1430266,3,3,1810,Brisbane,QLD,1982,Townhouse,1,3061
2015481,3,2,2727,Brisbane,QLD,2018,House,1,4550
1837453,2,1,2085,Melbourne,VIC,2018,House,1,5856
2155689,5,2,3391,Adelaide,SA,1996,Townhouse,0,9820
2010717,3,2,2235,Sydney,NSW,2001,Apartment,2,4945
2043023,3,4,2115,Sydney,NSW,2006,House,0,5173
1836869,3,2,1814,Melbourne,VIC,1995,House,2,4615
1601132,3,1,2080,Brisbane,QLD,1995,House,2,4341
1534444,4,1,1908,Brisbane,QLD,2019,Townhouse,0,3922
1817727,5,1,2424,Brisbane,QLD,1982,Apartment,2,6094
2156560,3,2,2574,Sydney,NSW,2012,Townhouse,1,5315
1569271,4,3,1528,Perth,WA,2021,House,1,3624
1423904,3,3,1201,Sydney,NSW,1981,Apartment,1,2730
1499649,2,4,898,Sydney,NSW,2018,House,1,2054
1763096,3,2,2304,Brisbane,QLD,2006,House,0,6324
1610959,3,2,1337,Sydney,NSW,1994,House,2,3419
1151601,3,2,800,Melbourne,VIC,1986,Townhouse,1,2352
1914578,4,2,2233,Melbourne,VIC,2021,Apartment,0,5999
2746643,3,4,3495,Sydney,NSW,1988,House,2,6008
2099376,5,2,1996,Sydney,NSW,2020,Townhouse,2,5205
2115144,4,3,2503,Melbourne,VIC,1985,House,1,6253
1690031,3,2,2049,Melbourne,VIC,1991,Apartment,0,5059
1628102,3,1,1940,Melbourne,VIC,2009,Apartment,1,4310
1667755,3,1,2551,Brisbane,QLD,1999,Apartment,0,4066
1881853,5,2,1825,Sydney,NSW,1999,Apartment,1,5344
1817308,3,3,2160,Brisbane,QLD,2006,House,2,6001
1512208,1,2,2193,Brisbane,QLD,1999,Townhouse,0,4890
1428660,3,3,1599,Perth,WA,1986,House,1,2779
2001646,3,3,2595,Perth,WA,2019,House,2,7102
1764340,2,2,1895,Sydney,NSW,2019,House,0,4066
1653042,1,3,1546,Sydney,NSW,2009,House,0,3224
1721258,3,2,2321,Brisbane,QLD,1987,House,1,5800
1258815,3,2,1460,Brisbane,QLD,1981,Apartment,2,3853
1995446,3,3,2016,Sydney,NSW,1993,House,2,3215
1943291,3,4,1994,Melbourne,VIC,1989,House,2,5288
1710096,2,2,2651,Brisbane,QLD,1997,Apartment,1,6896
1637691,3,2,2284,Brisbane,QLD,1997,Apartment,2,5446
1481100,3,1,1984,Brisbane,QLD,1995,House,0,3985
2030383,3,2,2490,Sydney,NSW,1984,Apartment,1,4351
2322240,3,2,2834,Sydney,NSW,2010,House,1,4687
2103773,3,4,2334,Melbourne,VIC,2016,House,0,3506
1884193,2,2,2006,Sydney,NSW,1999,House,1,3630
983707,2,1,1212,Adelaide,SA,2002,Apartment,1,2567
1631220,2,2,1360,Sydney,NSW,2011,House,1,2538
1954921,4,2,1816,Sydney,NSW,2021,House,1,3567
1773496,4,2,1634,Sydney,NSW,1996,Apartment,2,3408
1566972,4,2,1887,Brisbane,QLD,1992,Apartment,2,3704
1883710,4,3,2033,Melbourne,VIC,1992,House,1,5261
1712799,3,1,2317,Brisbane,QLD,1996,House,1,5186
1438485,3,2,1957,Perth,WA,1994,Apartment,1,2993
1900241,3,3,2291,Melbourne,VIC,2005,Apartment,0,4217
1937179,1,2,2038,Sydney,NSW,2023,House,2,5228
1070434,3,2,814,Brisbane,QLD,2007,House,0,1589
1356069,4,2,1436,Perth,WA,2021,Apartment,0,4137
1796329,3,2,1913,Sydney,NSW,2009,Apartment,0,4915
1610601,3,2,1274,Sydney,NSW,2022,Apartment,2,2465
1660424,3,2,2359,Brisbane,QLD,2014,Apartment,0,5367
2299921,3,3,2918,Melbourne,VIC,2001,House,1,7298
2010468,3,3,2731,Melbourne,VIC,1989,Apartment,0,4889
1542783,4,2,1871,Perth,WA,1990,House,2,3499
2361297,3,1,2894,Sydney,NSW,2017,House,2,6543
1645797,4,1,2089,Brisbane,QLD,2012,Townhouse,1,6032
1754878,3,1,1797,Sydney,NSW,1985,Townhouse,2,3624
1841586,4,2,1631,Sydney,NSW,2016,Apartment,2,3432
1516409,3,1,1818,Brisbane,QLD,1986,House,2,3247
1831557,3,2,1767,Sydney,NSW,2023,Apartment,2,4223
1596789,3,3,2102,Brisbane,QLD,1991,Apartment,1,5487
2008014,4,2,2096,Sydney,NSW,1986,House,1,4530
2003120,5,3,2001,Sydney,NSW,1981,Apartment,2,5255
1988666,2,3,2262,Sydney,NSW,1980,House,1,4420
1902731,2,2,2714,Perth,WA,2002,House,2,6950
2166343,5,3,2569,Melbourne,VIC,2004,Apartment,1,4850
1401612,3,3,1109,Melbourne,VIC,1997,Townhouse,1,2962
1232389,3,2,800,Melbourne,VIC,2023,Townhouse,1,2196
1770064,3,2,2560,Brisbane,QLD,1986,Apartment,2,6904
1425264,2,2,1179,Sydney,NSW,1982,House,1,2151
1666237,4,4,1865,Perth,WA,2008,House,0,4740
1260778,4,2,1297,Adelaide,SA,1989,House,2,2995
1303584,3,1,918,Melbourne,VIC,2022,Apartment,2,2737
1872256,3,2,2324,Melbourne,VIC,1984,House,1,4748
1815057,4,2,2455,Perth,WA,2013,House,0,6523
1493887,2,2,1654,Melbourne,VIC,1987,Townhouse,1,3399
1137501,4,3,800,Perth,WA,1993,House,2,1676
1893051,3,2,1672,Sydney,NSW,2019,House,0,2786
1879908,3,3,2235,Melbourne,VIC,1985,House,1,4156
1220955,5,3,1112,Adelaide,SA,1980,House,0,1943
2045387,3,2,2110,Sydney,NSW,2012,House,1,3668
1819621,3,1,1990,Sydney,NSW,2019,Apartment,1,3013
1816369,3,3,2347,Brisbane,QLD,1990,House,1,6316
1669600,3,4,2071,Adelaide,SA,2003,Townhouse,2,4561
1588341,3,1,1416,Sydney,NSW,1989,House,1,3832
1989107,5,2,2717,Adelaide,SA,2023,House,1,6574
1565410,4,2,1904,Brisbane,QLD,2002,Apartment,1,5232
1626761,3,3,1983,Adelaide,SA,1995,House,2,4474
1537926,3,3,1440,Brisbane,QLD,2016,House,1,2363
1243957,1,1,1734,Brisbane,QLD,1995,House,0,4205
1294934,1,3,1469,Perth,WA,2023,House,0,3697
1802453,3,1,1896,Sydney,NSW,2010,Townhouse,1,4626
2094172,4,3,3027,Adelaide,SA,1985,House,2,8179
1536382,3,2,1176,Sydney,NSW,2009,House,1,3056
1635397,4,2,1031,Sydney,NSW,2016,House,1,2217
1867119,1,1,2882,Brisbane,QLD,1980,House,2,7865
1897780,3,1,1874,Sydney,NSW,2021,House,1,4756
1448586,3,2,1598,Brisbane,QLD,2004,House,1,2686
1864308,3,2,2623,Brisbane,QLD,2000,House,0,6060
1649892,2,1,1636,Sydney,NSW,2014,House,0,4243
2502298,5,1,3095,Sydney,NSW,2017,House,1,7212
1936066,3,1,2406,Melbourne,VIC,1984,House,1,7036
1531980,5,3,1707,Perth,WA,1991,Apartment,2,2820
2145074,3,3,3294,Perth,WA,1984,House,0,8510
1808221,5,1,1636,Sydney,NSW,1988,House,1,4478
1769202,3,2,2445,Adelaide,SA,2023,House,1,6245
1957050,5,1,2179,Sydney,NSW,1988,Townhouse,1,4529
2182881,1,4,2781,Melbourne,VIC,2014,Apartment,2,5779
2368399,4,4,2936,Sydney,NSW,1980,Apartment,1,6989
1954236,5,2,2019,Melbourne,VIC,1989,House,2,4231
1497388,2,4,1547,Brisbane,QLD,2018,House,0,4372
1823050,2,3,2275,Melbourne,VIC,2015,Apartment,0,3789
1487587,3,3,1593,Perth,WA,2016,House,0,3917
2294889,5,2,3208,Brisbane,QLD,2014,House,1,5457
1960767,3,2,2081,Sydney,NSW,1996,House,1,4809
1743266,3,2,1780,Melbourne,VIC,1992,House,2,4582
1875253,2,2,2110,Sydney,NSW,1985,House,1,3690
1453810,1,2,1191,Melbourne,VIC,2016,House,2,3046
1540695,4,1,1417,Melbourne,VIC,2011,Apartment,1,2423
2151747,2,2,2720,Sydney,NSW,1990,House,1,6612
1580895,3,2,1605,Melbourne,VIC,1996,House,1,3626
1177830,5,2,1371,Perth,WA,1984,Apartment,0,2671
1958435,3,2,2321,Melbourne,VIC,1985,House,2,3871
1778168,3,4,2711,Adelaide,SA,1989,Apartment,0,7059
2001376,2,3,2431,Melbourne,VIC,2012,Apartment,2,5039
1831672,3,2,2597,Adelaide,SA,2009,House,1,4233
1632380,2,2,1545,Melbourne,VIC,2000,House,2,4110
1363159,4,2,1146,Brisbane,QLD,2021,Apartment,2,2121
2176246,3,1,2900,Melbourne,VIC,1996,House,1,7555
1921702,3,3,1806,Sydney,NSW,2006,House,1,4240
1395318,3,2,1849,Perth,WA,1982,House,0,3313
1844258,2,1,2796,Brisbane,QLD,2008,Townhouse,1,4515
1689388,4,3,2333,Perth,WA,1981,Townhouse,0,5577
2031709,3,1,2273,Sydney,NSW,2008,House,1,3496
2197029,3,2,3299,Brisbane,QLD,2015,House,0,5272
1730198,2,1,1613,Sydney,NSW,2013,House,2,4120
2181268,3,1,2556,Sydney,NSW,2016,House,1,5901
1597897,2,1,2034,Perth,WA,2021,House,2,4046
1740503,3,1,2161,Melbourne,VIC,1980,House,0,4989
1858013,3,2,2917,Adelaide,SA,2005,Apartment,1,6964
2082429,4,3,2304,Melbourne,VIC,1980,House,1,5411
1565975,3,2,2322,Adelaide,SA,1983,Townhouse,1,5723
2155706,4,3,2643,Brisbane,QLD,2018,House,2,7693
1853226,4,2,1781,Melbourne,VIC,1993,House,2,3710
1390837,2,2,1496,Melbourne,VIC,1997,Apartment,1,2920
1320921,3,1,1373,Perth,WA,2013,House,2,2138
924463,2,2,820,Perth,WA,1980,House,1,1411
2488601,3,2,3233,Melbourne,VIC,2001,House,2,5365
1373623,4,2,1338,Brisbane,QLD,1995,Townhouse,1,2680
1819651,3,3,1867,Melbourne,VIC,2001,House,2,4509
1550086,3,2,1833,Brisbane,QLD,1995,House,2,2878
1530762,3,2,2184,Adelaide,SA,2007,Apartment,0,5660
2255576,3,4,2489,Sydney,NSW,2007,House,1,5218
1824782,2,2,2516,Brisbane,QLD,2001,House,1,7411
1681000,4,2,1650,Melbourne,VIC,1985,House,1,3882
1854741,3,3,1899,Melbourne,VIC,2004,House,2,5047
1858430,4,2,2169,Perth,WA,2021,House,2,6056
1674042,3,1,1850,Melbourne,VIC,1981,House,2,5243
2318093,3,2,2964,Sydney,NSW,1986,House,1,6752
1576526,3,2,2294,Brisbane,QLD,1996,Apartment,0,4807
1917097,1,2,2440,Melbourne,VIC,2014,House,1,5713
1997752,3,1,2397,Melbourne,VIC,1999,House,2,5042
2347294,4,4,2704,Sydney,NSW,2023,Townhouse,0,5032
2077101,4,3,2108,Sydney,NSW,1981,House,1,4187
1558525,3,2,1221,Sydney,NSW,1986,House,1,2259
1654720,3,2,2239,Brisbane,QLD,2011,Apartment,0,4264
1509346,1,3,1609,Melbourne,VIC,1998,Townhouse,1,2639
1622313,4,1,1682,Melbourne,VIC,1991,House,0,3600
1885628,1,2,2351,Sydney,NSW,1988,Apartment,2,4357
2181212,5,2,2742,Sydney,NSW,2006,Apartment,0,5959
1891084,3,3,2012,Sydney,NSW,1993,Apartment,2,5410
1411771,3,1,2185,Brisbane,QLD,1981,Apartment,0,4747
2556417,5,4,3021,Sydney,NSW,2000,Apartment,2,8858
1329304,1,2,2144,Adelaide,SA,1983,Townhouse,1,3692
2508826,3,2,3561,Melbourne,VIC,2000,Townhouse,2,9883
1999067,3,2,2339,Melbourne,VIC,2001,House,2,4380
1230419,3,1,943,Melbourne,VIC,1981,Townhouse,1,2737
2179235,3,3,2452,Melbourne,VIC,1996,House,2,4513
1704419,3,4,2228,Perth,WA,1998,Apartment,1,5840
2014421,4,2,2773,Perth,WA,2019,Apartment,2,4419
2099480,1,4,2403,Sydney,NSW,2003,House,1,5876
1780773,5,3,1916,Brisbane,QLD,1999,House,2,3504
1212624,2,2,1265,Brisbane,QLD,2017,Townhouse,2,3170
1412020,3,2,1874,Adelaide,SA,1991,House,0,4599
1603326,3,2,1489,Melbourne,VIC,2004,House,1,4298
1705989,1,2,1651,Sydney,NSW,2002,House,2,4030
1936591,2,1,2353,Melbourne,VIC,2013,House,2,4970
2329132,5,2,3001,Melbourne,VIC,2011,Apartment,2,5374
1660795,3,1,2236,Brisbane,QLD,2003,House,1,5561
1246061,2,3,1282,Adelaide,SA,2021,Townhouse,1,2147
2050102,2,3,2266,Sydney,NSW,2004,Townhouse,1,6217
1761940,4,2,2717,Perth,WA,1982,Apartment,1,5085
1317246,4,2,1634,Adelaide,SA,2004,Apartment,1,3736
1462424,3,2,1919,Adelaide,SA,2007,House,1,4595
1448803,1,2,2008,Brisbane,QLD,1991,House,0,4105
1435693,3,2,1529,Brisbane,QLD,2005,House,1,3816
2010560,2,2,2388,Sydney,NSW,2023,Townhouse,0,4480
1423232,2,2,1927,Adelaide,SA,1987,House,2,2991
1752628,3,1,2251,Melbourne,VIC,1984,Apartment,1,6617
1629914,3,1,1467,Sydney,NSW,1990,House,1,2905
1745700,3,1,1737,Melbourne,VIC,2021,House,1,4465
1913643,3,3,2433,Brisbane,QLD,2014,House,0,5502
1996862,5,4,1776,Melbourne,VIC,2006,House,2,4446
2198720,5,2,3036,Brisbane,QLD,2020,Townhouse,1,5059
1759682,3,2,1760,Melbourne,VIC,2023,Apartment,2,4010
1874802,3,1,2134,Sydney,NSW,2017,Apartment,1,4458
2109392,3,2,2559,Sydney,NSW,1998,Apartment,2,5574
1413612,3,1,1148,Melbourne,VIC,2011,House,1,3388
1546524,4,2,943,Sydney,NSW,2007,House,0,1608
1620619,3,4,1084,Melbourne,VIC,2015,House,2,2854
2237862,4,1,2757,Sydney,NSW,1997,House,1,5502
1607957,5,3,1668,Perth,WA,1989,House,2,3230
2515871,3,1,3534,Melbourne,VIC,2011,House,1,6738
1414963,3,2,1661,Brisbane,QLD,1997,Townhouse,2,3361
1893458,2,1,2110,Sydney,NSW,1991,House,2,4296
2342842,3,2,2925,Sydney,NSW,1987,House,2,5575
2120889,3,1,3203,Brisbane,QLD,2012,House,1,8013
2197198,3,2,3236,Brisbane,QLD,2017,House,1,5087
2376324,4,2,2725,Sydney,NSW,1993,House,2,5445
2104333,2,2,2614,Sydney,NSW,1981,House,2,5020
1584222,3,2,2355,Adelaide,SA,1988,Townhouse,0,6188
2228857,3,4,2467,Melbourne,VIC,2023,House,1,4242
1574478,3,2,1669,Sydney,NSW,1984,Apartment,0,4859
1653055,3,1,1509,Sydney,NSW,2013,Apartment,2,2649
1652934,4,2,1997,Brisbane,QLD,1998,House,0,4105
1559249,3,3,1897,Brisbane,QLD,1986,Townhouse,1,3415
1766872,3,2,1728,Melbourne,VIC,2018,House,1,3335
2151066,2,2,2417,Sydney,NSW,2021,House,2,6386
2105643,3,1,2573,Melbourne,VIC,1996,House,2,5698
1850799,4,2,2053,Melbourne,VIC,2005,Apartment,1,3580
2227634,3,2,2886,Melbourne,VIC,2006,House,1,4531
1882451,4,4,1314,Sydney,NSW,2022,House,2,2425
2027703,3,3,1883,Sydney,NSW,2007,House,2,5497
1268418,2,1,1569,Brisbane,QLD,1999,Apartment,1,4345
995688,1,2,880,Brisbane,QLD,1985,House,2,1901
1533302,3,2,1950,Perth,WA,1987,House,1,4335
1880954,3,2,1926,Melbourne,VIC,2011,House,2,5489
2009622,4,3,2908,Adelaide,SA,1998,House,1,6941
1648612,3,2,2378,Adelaide,SA,2011,Apartment,1,6710
1622900,3,2,1385,Sydney,NSW,1998,House,2,3100
2226896,3,2,3112,Melbourne,VIC,2003,Apartment,0,5602
1934304,3,3,2732,Brisbane,QLD,2003,Apartment,1,7074
1684392,3,2,2349,Brisbane,QLD,1996,House,1,5378
1330903,2,2,1864,Adelaide,SA,1997,House,0,4665
1211111,2,2,1424,Brisbane,QLD,1991,Townhouse,2,2472
1698745,2,2,1776,Melbourne,VIC,2020,House,1,4390
2133973,2,4,2653,Melbourne,VIC,2002,House,0,5501
2162106,1,2,3130,Melbourne,VIC,1997,Apartment,1,6255
1997182,3,2,2925,Perth,WA,1995,House,1,7335
1231614,3,2,1706,Adelaide,SA,1995,Apartment,0,4076
1804226,5,3,1328,Sydney,NSW,2015,Apartment,2,3285
1832636,2,2,2084,Melbourne,VIC,2002,House,1,6145
1388920,3,1,938,Melbourne,VIC,2001,House,2,2395
1896382,3,2,2193,Melbourne,VIC,2018,Townhouse,0,5399
1456314,1,2,1911,Perth,WA,2012,House,1,4626
1737982,4,3,1720,Melbourne,VIC,2003,House,0,3609
1226919,1,3,1043,Melbourne,VIC,1999,Apartment,0,2877
2160948,5,2,2308,Melbourne,VIC,2012,House,2,4781
1599511,4,1,1680,Melbourne,VIC,2010,Townhouse,0,4285
1571594,3,4,1298,Melbourne,VIC,2019,House,0,2517
1356513,3,2,800,Sydney,NSW,1987,House,2,1377
1901642,3,2,1983,Sydney,NSW,1989,House,1,3361
1936825,3,2,3063,Brisbane,QLD,1980,Townhouse,0,7510
2088293,3,2,2996,Brisbane,QLD,2000,Townhouse,2,5969
1407170,1,2,1725,Brisbane,QLD,2004,House,0,3300
1466357,2,3,1638,Brisbane,QLD,2011,House,2,3913
1603035,3,3,2281,Adelaide,SA,1989,House,0,3509
1278596,3,2,1400,Perth,WA,1988,House,1,2618
2012892,4,2,2181,Melbourne,VIC,1999,House,1,4385
1898707,2,1,2459,Sydney,NSW,1999,Apartment,1,6302
2175036,4,1,2736,Melbourne,VIC,2019,Townhouse,1,6341
1628247,3,2,1939,Melbourne,VIC,1986,Apartment,1,5400
1532484,3,2,1877,Perth,WA,1990,House,2,3758
1437081,3,4,1473,Brisbane,QLD,2000,Apartment,2,2864
1637992,3,3,1503,Melbourne,VIC,2017,Townhouse,1,2330
1551982,2,2,1864,Brisbane,QLD,1998,House,1,5457
1886896,3,2,2220,Melbourne,VIC,1994,Townhouse,1,5000
1772092,4,1,2548,Adelaide,SA,1985,House,2,5742
1422319,3,4,1518,Perth,WA,1989,House,1,4379
2041939,3,2,2895,Brisbane,QLD,1995,House,1,5602
1738224,4,1,1837,Melbourne,VIC,1990,House,1,3671
1966609,4,2,1987,Melbourne,VIC,2014,House,2,4937
1658642,3,3,1551,Sydney,NSW,1987,Townhouse,1,4155
1378964,3,3,800,Sydney,NSW,2007,Apartment,1,2039
2005498,4,1,2530,Sydney,NSW,1982,Apartment,1,6789
1742744,3,3,2442,Adelaide,SA,1981,House,2,5769
1881716,3,2,1831,Sydney,NSW,1993,House,2,5116
1966302,3,1,2040,Sydney,NSW,2008,House,2,4743
2066317,4,3,2309,Melbourne,VIC,1982,House,2,4258
1123668,1,3,1062,Melbourne,VIC,1980,Apartment,1,2457
1496296,5,2,1682,Adelaide,SA,1994,House,1,4323
2061232,2,2,2476,Sydney,NSW,1999,House,2,6142
1235011,4,3,1247,Adelaide,SA,2001,Apartment,1,2325
2081654,3,3,2176,Sydney,NSW,2013,House,1,3398
1294491,3,3,1186,Adelaide,SA,2012,House,2,2228
1942507,4,2,2279,Melbourne,VIC,1988,Townhouse,2,6785
1655610,3,4,1978,Brisbane,QLD,1982,Townhouse,2,3515
1440763,3,4,1030,Melbourne,VIC,1981,House,2,2264
1779010,1,1,2698,Brisbane,QLD,1983,House,1,6632
1366060,1,3,1559,Brisbane,QLD,1995,House,2,4395
1733513,3,2,1513,Sydney,NSW,2012,House,0,3997
1954713,3,2,2120,Sydney,NSW,1988,House,2,6071
1825353,2,2,2689,Adelaide,SA,2019,House,1,6471
1374227,2,1,1390,Melbourne,VIC,2017,Apartment,1,3890
1559737,3,2,2037,Adelaide,SA,1997,House,2,3861
1733473,3,3,2257,Brisbane,QLD,1995,Townhouse,1,4843
2052160,4,2,2415,Melbourne,VIC,1987,House,1,6681
1795867,2,2,2105,Sydney,NSW,2002,Apartment,0,4187
1349734,2,4,1779,Adelaide,SA,2015,Apartment,0,4995
1616439,5,2,1503,Melbourne,VIC,1982,Townhouse,1,3074
1849866,3,2,2051,Sydney,NSW,1994,Townhouse,1,4195
1395512,4,2,1356,Brisbane,QLD,2017,Apartment,1,2663
1358234,4,2,800,Sydney,NSW,2012,Apartment,1,1856
1674710,4,2,2261,Perth,WA,1997,Apartment,2,3830
2131804,2,3,2542,Sydney,NSW,2002,House,0,3953
1485358,4,2,800,Sydney,NSW,2022,House,1,2276
1772381,4,3,1394,Sydney,NSW,1982,House,2,4033
2057594,3,2,2371,Sydney,NSW,2009,Apartment,1,3828
2347027,3,2,3234,Melbourne,VIC,1996,House,1,7518
1688253,3,2,2012,Brisbane,QLD,2011,House,2,4647
1457259,2,3,1563,Brisbane,QLD,1986,House,2,3218
1678959,3,2,1890,Brisbane,QLD,2018,House,2,4448
2103603,3,1,2824,Melbourne,VIC,1993,Townhouse,2,6178
1524725,3,1,1612,Melbourne,VIC,1994,House,0,3602
1312144,3,2,1520,Adelaide,SA,2023,Apartment,2,4003
1608265,3,2,1710,Melbourne,VIC,1991,Apartment,2,3914
1692786,3,2,1428,Sydney,NSW,1987,House,2,2835
1818039,5,1,2073,Melbourne,VIC,1995,Apartment,1,4918
2431358,2,3,2974,Sydney,NSW,2020,House,2,7321
2040546,3,2,2193,Sydney,NSW,2013,House,1,5470
1517323,2,2,1848,Brisbane,QLD,2003,House,2,4487
1421237,3,2,1824,Perth,WA,2008,Townhouse,0,4556
1500564,4,2,1062,Melbourne,VIC,1995,Townhouse,2,2087
2004750,5,3,2529,Brisbane,QLD,1984,Townhouse,1,5487
1720802,3,1,1953,Sydney,NSW,1984,Townhouse,0,4889
1918686,5,2,1891,Melbourne,VIC,2009,House,2,4978
2461921,2,3,3915,Brisbane,QLD,1984,House,1,8423
1936681,3,2,2179,Melbourne,VIC,2022,Townhouse,1,4463
1623627,2,2,1548,Sydney,NSW,1992,Apartment,1,3986
1659121,4,2,1744,Brisbane,QLD,2014,House,2,3197
1839325,3,3,2689,Perth,WA,2004,Apartment,1,4071
1709628,3,4,2067,Brisbane,QLD,1993,House,1,4563
1745337,4,3,1137,Sydney,NSW,2023,House,1,2001
2167555,2,2,2551,Sydney,NSW,2005,House,2,5275
1612917,1,4,1599,Melbourne,VIC,1997,House,1,3097
2327691,4,1,3123,Sydney,NSW,1999,Apartment,1,8328
1866615,3,1,2648,Perth,WA,2013,Townhouse,1,5288
1444854,2,3,1731,Brisbane,QLD,1986,House,1,4261
2053887,3,1,2768,Melbourne,VIC,1989,Apartment,2,6951
1484188,3,1,2040,Perth,WA,1994,Apartment,2,4458
1861557,1,2,2511,Sydney,NSW,1996,Apartment,1,4072
1797275,3,2,2290,Brisbane,QLD,1990,House,1,5842
1554899,1,3,1492,Sydney,NSW,2013,Townhouse,1,2406
1787209,3,2,1613,Sydney,NSW,2006,House,2,2660
2212850,4,2,2617,Sydney,NSW,2000,House,0,4696
1507853,5,2,1799,Adelaide,SA,2010,Apartment,2,3455
1763144,3,4,1757,Melbourne,VIC,1983,House,1,4868
1698956,2,3,1426,Sydney,NSW,2020,House,1,3584
2053070,5,2,2254,Melbourne,VIC,1996,House,0,4690
2641608,3,4,3237,Sydney,NSW,1999,House,2,9608
1665144,2,3,1359,Sydney,NSW,2004,House,2,2535
1698439,5,1,2014,Brisbane,QLD,2019,House,0,4864
2210351,4,1,2847,Sydney,NSW,2002,Apartment,1,7889
1433340,4,1,1952,Adelaide,SA,1994,House,0,5276
2102171,4,3,2271,Melbourne,VIC,2012,House,2,3714
1555216,3,1,1362,Sydney,NSW,1998,Townhouse,1,3468
2015938,3,2,2256,Sydney,NSW,1994,House,1,4258
1461324,3,1,1887,Brisbane,QLD,2020,Apartment,0,3838
2190098,3,4,2591,Melbourne,VIC,1984,House,2,5787
2179081,3,2,2712,Melbourne,VIC,1995,House,1,7285
2409041,4,4,3553,Brisbane,QLD,2011,Apartment,0,6216
1960352,4,4,2347,Brisbane,QLD,2001,House,1,3903
1742825,3,1,2195,Brisbane,QLD,2022,Apartment,2,3798
1704329,4,2,2116,Perth,WA,2011,House,1,3867
1815013,4,1,1788,Sydney,NSW,1992,House,1,2841
2091984,3,4,2203,Sydney,NSW,2017,Apartment,1,6365
1590571,3,2,1822,Brisbane,QLD,2005,House,1,3606
1687123,3,1,2101,Melbourne,VIC,1996,Apartment,1,3709
2126733,3,1,2790,Melbourne,VIC,1984,House,2,6855
1294899,2,2,1396,Brisbane,QLD,2012,House,0,3742
2225684,3,4,2683,Melbourne,VIC,2006,Apartment,1,7058
2157491,3,2,2790,Sydney,NSW,1984,Townhouse,0,7193
1728543,3,3,1929,Brisbane,QLD,2016,House,1,3039
1006344,5,2,800,Perth,WA,1986,Apartment,1,2138
1664374,2,1,1635,Sydney,NSW,1997,House,2,3684
2217475,4,4,2778,Melbourne,VIC,2010,Apartment,0,6872
1785261,3,1,1986,Melbourne,VIC,1985,House,2,5829
1687444,2,4,1400,Sydney,NSW,1981,House,1,3803
1847036,5,2,1697,Sydney,NSW,1992,House,1,4646
2129394,3,1,2504,Sydney,NSW,2021,Townhouse,0,4438
1774208,3,2,2328,Brisbane,QLD,1990,House,1,5155
1970519,4,4,1856,Melbourne,VIC,2005,House,1,5428
1458982,3,4,1779,Adelaide,SA,2000,Apartment,1,4225
1705040,3,1,1764,Sydney,NSW,1981,House,1,2919
1164115,1,1,1446,Adelaide,SA,2019,House,1,3757
2243565,4,2,2969,Melbourne,VIC,1999,Apartment,1,4645
1823477,3,2,1806,Sydney,NSW,1996,House,1,4721
2340655,3,3,2730,Sydney,NSW,1995,House,2,7698
1933843,3,1,2912,Brisbane,QLD,2021,Apartment,1,6227
1924728,3,4,2598,Perth,WA,1984,House,1,5510
1548236,4,2,1741,Brisbane,QLD,1993,House,1,3406
1825863,3,3,2242,Brisbane,QLD,2003,House,2,6312
1807699,3,2,1985,Sydney,NSW,1983,House,0,4609
1715048,3,2,1457,Sydney,NSW,2003,House,2,3453
2101967,4,4,2194,Sydney,NSW,1988,House,1,5470
1570353,3,2,1292,Sydney,NSW,1982,House,1,2520
1906729,4,3,2712,Brisbane,QLD,1988,Apartment,1,5829
1544281,4,4,1721,Perth,WA,1997,Apartment,2,4496
2005767,3,2,2120,Sydney,NSW,2015,Apartment,2,6315
1636891,3,2,2169,Brisbane,QLD,1998,Apartment,2,3366
1774364,3,1,1844,Sydney,NSW,2003,House,0,2884
2085886,4,1,2352,Sydney,NSW,1983,House,2,5038
1714555,3,2,1715,Sydney,NSW,1988,Townhouse,1,4269
2117219,3,1,2522,Sydney,NSW,2012,Townhouse,2,5246
1492147,4,2,1192,Sydney,NSW,1980,Apartment,1,3576
1950024,3,2,2075,Melbourne,VIC,2014,House,2,3722
2244224,3,2,3163,Melbourne,VIC,1989,Apartment,2,4782
1522619,3,2,1399,Melbourne,VIC,1991,House,1,2498
1502298,2,1,1593,Melbourne,VIC,1997,Townhouse,1,4509
1898032,4,1,2308,Melbourne,VIC,1993,House,0,3965
1498086,2,2,2107,Adelaide,SA,1989,House,1,4675
1656008,3,2,2210,Perth,WA,1989,House,1,4705
1720829,4,2,2293,Adelaide,SA,1997,House,2,5730
1966974,3,2,2380,Melbourne,VIC,2003,House,1,3766
2029931,5,3,2665,Brisbane,QLD,1980,House,1,6632
2211816,5,2,2245,Sydney,NSW,2009,House,1,4563
1502738,3,2,1855,Brisbane,QLD,1994,House,1,5359
1966420,1,4,2403,Sydney,NSW,1987,Townhouse,1,6665
2575143,4,3,3139,Sydney,NSW,2014,House,0,6591
1853130,3,2,1920,Sydney,NSW,1997,House,1,5740
1557564,2,2,1415,Melbourne,VIC,2020,House,0,2233
2343439,4,1,2664,Sydney,NSW,1995,House,2,7148
1253033,1,2,1927,Adelaide,SA,2000,Townhouse,0,4146
1616177,4,4,800,Sydney,NSW,1994,House,2,1719
1750641,2,2,2508,Perth,WA,1984,House,2,4402
1659704,2,4,1678,Melbourne,VIC,1986,House,1,3814
1551334,2,2,1945,Brisbane,QLD,1986,House,1,3165
1969837,5,4,2199,Brisbane,QLD,2006,House,1,5332
1969138,3,2,2114,Melbourne,VIC,2004,House,2,3937
2104922,4,1,2425,Melbourne,VIC,2001,House,1,6275
1425192,3,2,1738,Brisbane,QLD,1992,Apartment,2,4192
1833117,3,2,2307,Melbourne,VIC,1996,Apartment,0,6045
1696461,3,1,1844,Melbourne,VIC,2020,House,0,4840
2034523,3,3,2443,Melbourne,VIC,2023,Apartment,1,4385
2029705,3,2,2369,Sydney,NSW,1992,House,0,3556
1648779,3,3,1438,Melbourne,VIC,2005,House,1,2947
2083350,3,2,2651,Sydney,NSW,1988,House,0,7632
1543749,5,1,1678,Perth,WA,1984,House,2,3972
2001198,2,4,2484,Brisbane,QLD,2018,House,2,6438
2100668,5,2,2220,Sydney,NSW,2012,Apartment,1,6260
2216769,1,2,3102,Melbourne,VIC,1983,House,1,8871
1839296,3,2,1865,Melbourne,VIC,2007,House,1,4279
1726143,3,2,1790,Melbourne,VIC,2005,Townhouse,2,4138
1656666,3,4,1988,Brisbane,QLD,1983,House,1,5520
1511830,3,2,1818,Brisbane,QLD,1995,House,0,4929
1940531,3,2,2479,Brisbane,QLD,2016,House,1,6319
1042137,3,3,1030,Adelaide,SA,2001,Apartment,1,2479
1667185,4,1,1367,Melbourne,VIC,2015,House,2,3318
1483883,3,2,1359,Brisbane,QLD,2017,House,2,2778
1978229,4,4,2570,Brisbane,QLD,2014,Apartment,0,7097
2096017,3,2,3026,Brisbane,QLD,2004,House,2,7343
1566955,3,3,1937,Perth,WA,1987,House,2,3555
1531909,3,2,1898,Brisbane,QLD,1996,Townhouse,0,3531
2033208,3,3,2042,Sydney,NSW,1997,House,2,5702
1866609,3,4,2697,Adelaide,SA,1991,Townhouse,1,6577
1332657,3,2,1443,Brisbane,QLD,2012,Apartment,1,3028
1933318,2,1,2143,Sydney,NSW,2002,House,1,3815
1822817,3,2,2585,Brisbane,QLD,1991,Townhouse,2,6243
1812912,2,3,2300,Melbourne,VIC,1990,Apartment,1,4087
1557026,3,2,2113,Perth,WA,1992,Townhouse,2,4661
1730361,3,1,2600,Adelaide,SA,2014,House,1,6543
1540301,5,2,800,Sydney,NSW,2006,House,1,1878
1949051,4,4,2406,Perth,WA,2004,House,2,6938
1519276,2,2,1607,Brisbane,QLD,2019,House,2,2507
1123528,4,2,901,Brisbane,QLD,1982,House,1,1730
1849624,4,1,2306,Melbourne,VIC,2004,Apartment,1,3657
2199514,3,2,2824,Sydney,NSW,1989,Townhouse,0,5060
1746575,3,1,1917,Melbourne,VIC,1996,House,1,3232
2138309,5,1,2571,Sydney,NSW,1982,Apartment,2,6683
2365032,3,4,2967,Melbourne,VIC,2001,House,1,6095
2124050,5,4,2788,Perth,WA,2017,Apartment,1,8053
1792839,2,1,2983,Adelaide,SA,1993,Apartment,1,4580
2050425,2,1,2445,Sydney,NSW,2006,House,1,6062
1987461,3,2,2045,Sydney,NSW,2021,House,0,6045
1030758,3,2,1038,Perth,WA,1999,Apartment,1,1832
1847475,4,2,1852,Melbourne,VIC,1997,House,2,4007
1338884,5,2,1494,Adelaide,SA,1992,House,2,3814
2190858,3,2,3302,Brisbane,QLD,2021,Townhouse,1,8090
1335558,1,3,1894,Brisbane,QLD,1985,Townhouse,0,4450
1907507,4,3,2073,Sydney,NSW,1989,Apartment,1,4127
2055444,3,2,2330,Sydney,NSW,2016,Apartment,2,6042
1797499,2,2,2026,Melbourne,VIC,2008,House,1,5024
2410710,3,4,3017,Sydney,NSW,1985,House,1,5262
1693640,4,4,1626,Brisbane,QLD,2018,Townhouse,2,4791
1780513,4,1,2116,Melbourne,VIC,1990,Apartment,1,4939
1547722,3,2,1554,Melbourne,VIC,2004,Apartment,1,3557
1311960,3,2,1207,Perth,WA,2023,House,1,3348
1652245,5,1,1632,Melbourne,VIC,2023,Townhouse,0,4018
1754574,3,2,1977,Melbourne,VIC,2009,House,0,3187
1537634,3,2,1742,Perth,WA,1999,House,2,3937
1762500,3,2,1584,Melbourne,VIC,2016,House,1,4232
1496929,4,2,1156,Sydney,NSW,1995,Apartment,1,2948
1805074,3,2,1950,Melbourne,VIC,2010,Apartment,1,5764
1527760,2,4,1097,Melbourne,VIC,2008,House,2,1686
2008956,3,2,2456,Melbourne,VIC,1985,House,2,4646
1905666,3,2,2049,Sydney,NSW,2008,Townhouse,0,4762
1394939,3,1,1125,Sydney,NSW,2011,Townhouse,1,2734
1582892,2,1,1814,Melbourne,VIC,1988,House,1,3468
1650090,3,2,1548,Sydney,NSW,2016,Apartment,1,4243
1576183,3,1,2191,Brisbane,QLD,2002,Townhouse,1,3827
1751968,1,1,2804,Brisbane,QLD,1995,House,0,4209
1053417,2,1,874,Brisbane,QLD,1997,House,2,2562
2054401,5,2,2069,Sydney,NSW,1998,Townhouse,1,4318
2097010,4,3,1903,Sydney,NSW,2023,House,1,5590
1706450,3,2,2402,Brisbane,QLD,1981,House,1,4605
1683259,4,2,2127,Brisbane,QLD,1989,Apartment,1,3394
1237358,3,1,1548,Perth,WA,1991,Apartment,1,4117
1716070,5,2,1808,Melbourne,VIC,1997,Apartment,0,4980
1549436,3,2,1522,Melbourne,VIC,1998,Apartment,1,3407
1883882,3,2,2645,Brisbane,QLD,2017,Apartment,2,4261
1689092,2,4,2012,Adelaide,SA,2016,House,2,4994
2103283,3,4,3140,Adelaide,SA,2006,House,1,5569
1553404,5,1,1963,Adelaide,SA,1993,House,1,5447
1418656,3,3,1574,Perth,WA,2013,Apartment,1,3009
1040551,3,1,1091,Brisbane,QLD,1981,Townhouse,1,3025
1539722,2,4,918,Sydney,NSW,2023,House,1,1965
1320161,4,2,1049,Brisbane,QLD,2012,House,2,2513
1930207,3,2,2160,Sydney,NSW,1998,Townhouse,1,5798
2045002,3,1,2305,Sydney,NSW,2006,House,2,3597
1347537,5,1,1051,Brisbane,QLD,2009,House,1,2871
1703686,1,3,2537,Brisbane,QLD,1986,Townhouse,2,4333
1627290,3,4,1710,Brisbane,QLD,2006,House,1,3484
2055001,5,2,2088,Melbourne,VIC,2000,House,2,4612
2151224,3,3,2967,Melbourne,VIC,1986,Townhouse,0,8436
1770461,3,3,2538,Adelaide,SA,2004,Townhouse,2,3892
1591156,3,2,1838,Brisbane,QLD,2017,House,1,4300
1518504,4,1,1465,Melbourne,VIC,1997,Townhouse,1,3610
1103565,2,1,800,Melbourne,VIC,2012,Apartment,0,1579
1447392,5,2,1568,Adelaide,SA,2012,House,0,3036
1806069,4,2,1873,Melbourne,VIC,2011,Townhouse,1,4188
1523303,2,1,1407,Sydney,NSW,2004,House,1,2506
1777746,4,1,1921,Melbourne,VIC,1993,House,1,4230
1894844,3,1,2046,Melbourne,VIC,2017,House,1,5417
1953175,3,4,1865,Sydney,NSW,2017,Apartment,1,5162
1638408,4,1,1609,Melbourne,VIC,1983,House,2,3345
2069441,5,2,2101,Melbourne,VIC,2023,Townhouse,2,5097
1876121,2,2,2265,Sydney,NSW,1997,Apartment,1,3397
1617718,3,2,1345,Sydney,NSW,1989,House,1,3129
1834115,3,1,2846,Adelaide,SA,2014,Apartment,2,8433
1656382,3,2,1940,Brisbane,QLD,2014,House,2,3820
1771560,3,1,2011,Melbourne,VIC,2019,House,0,4811
2023025,2,2,2424,Melbourne,VIC,2002,House,2,6410
1775571,3,1,2139,Melbourne,VIC,2004,House,1,5164
1899279,3,2,2571,Brisbane,QLD,1980,House,2,5472
1731313,2,2,2172,Melbourne,VIC,1997,Apartment,1,3755
1387367,4,2,1632,Adelaide,SA,1994,House,1,3584
1829567,4,2,2216,Brisbane,QLD,2004,House,1,4305
1171190,3,2,1313,Adelaide,SA,2011,House,1,3342
2020175,3,3,2065,Sydney,NSW,1999,House,1,4466
1648248,3,2,1980,Perth,WA,1996,House,2,5494
1552654,3,3,1875,Brisbane,QLD,1990,House,1,3356
1867659,3,3,1922,Sydney,NSW,1992,House,0,4089
1467476,4,2,870,Sydney,NSW,2004,House,0,2034
1511722,1,2,1670,Melbourne,VIC,1999,House,1,2821
1954450,2,2,2055,Sydney,NSW,2004,House,2,4896
1686783,1,1,2095,Brisbane,QLD,2021,House,2,4058
1182342,2,1,1383,Brisbane,QLD,2010,Apartment,1,2551
1950563,2,1,2759,Melbourne,VIC,1980,Townhouse,1,4726
1615016,5,1,1480,Sydney,NSW,1995,Apartment,1,2997
1892645,3,2,2581,Adelaide,SA,2007,House,2,7470
1953577,2,3,2256,Sydney,NSW,2000,House,1,3489
1781419,3,2,1612,Sydney,NSW,2009,House,1,4479
2502807,5,4,3065,Melbourne,VIC,1982,House,1,6424
1311722,3,4,1283,Adelaide,SA,2013,House,2,3007
1832743,3,4,2551,Brisbane,QLD,1985,House,0,5789
2231833,4,3,2600,Melbourne,VIC,2022,House,1,7511
1714119,3,2,1597,Melbourne,VIC,2008,House,1,4242
2082870,3,1,2835,Melbourne,VIC,1982,House,1,8441
1885383,3,2,1849,Sydney,NSW,2012,House,0,4979
1700003,3,2,2173,Brisbane,QLD,1990,House,1,4224
1952469,3,3,2156,Sydney,NSW,1984,House,1,6348
1955053,3,4,1919,Melbourne,VIC,2011,House,2,5710
2033077,3,2,2486,Melbourne,VIC,1997,House,1,4188
2116573,3,2,2476,Sydney,NSW,1999,House,0,7060
1048727,2,1,950,Adelaide,SA,2018,House,2,2373
2167201,2,1,2782,Melbourne,VIC,2019,House,2,8022
1577069,3,2,1002,Sydney,NSW,2007,House,2,2880
1929298,5,2,2619,Perth,WA,1992,Apartment,2,7431
2155763,3,3,2676,Sydney,NSW,2005,Townhouse,0,7567
1546983,3,2,1345,Sydney,NSW,1995,Townhouse,1,2255
1832032,3,4,1753,Melbourne,VIC,2004,House,1,3007
1580997,2,2,1336,Sydney,NSW,1989,House,2,2240
1502492,2,3,1871,Adelaide,SA,2008,House,1,3062
1759024,3,1,1815,Sydney,NSW,2017,Townhouse,0,3684
2045374,2,3,2467,Sydney,NSW,1999,Apartment,1,6233
1850177,2,2,2786,Perth,WA,2005,Apartment,2,5661
2381346,4,1,2837,Sydney,NSW,2011,House,2,7321
1292098,1,1,1662,Adelaide,SA,2018,House,2,4539
1966357,3,4,1874,Melbourne,VIC,2017,House,1,4684
1359580,3,1,989,Sydney,NSW,2003,Townhouse,1,2175
1764608,3,2,1516,Sydney,NSW,2010,House,1,2946
2184841,3,2,2578,Sydney,NSW,2019,House,0,4349
2209246,3,2,2969,Melbourne,VIC,1991,House,0,6652
1603937,3,3,1259,Sydney,NSW,2015,Apartment,1,3248
1716503,4,2,1644,Melbourne,VIC,1989,House,1,3819
1825579,4,2,1984,Melbourne,VIC,1985,Apartment,2,5123
1833665,2,4,2168,Melbourne,VIC,1986,House,0,4342
1775883,2,3,1514,Sydney,NSW,2010,House,2,2423
2092366,4,3,2254,Melbourne,VIC,2006,House,1,5989
1723014,3,2,1715,Sydney,NSW,1987,Townhouse,1,3139
1762813,3,2,1991,Sydney,NSW,1982,Apartment,1,4827
1796037,3,2,2327,Perth,WA,2019,House,1,6299
1821166,2,3,2003,Melbourne,VIC,2000,House,1,3423
1724375,3,1,1738,Sydney,NSW,1980,House,1,4167
1920041,3,2,1934,Sydney,NSW,1994,House,2,4901
1752223,3,1,1946,Melbourne,VIC,1986,House,2,5100
1420227,3,2,1777,Brisbane,QLD,1994,Apartment,1,3060
2007150,4,3,1844,Sydney,NSW,2004,House,2,5050
2134858,3,1,2959,Melbourne,VIC,1982,House,1,4856
1848657,2,2,2336,Melbourne,VIC,2009,Apartment,2,5325
1465173,3,4,1822,Adelaide,SA,1993,Townhouse,1,3946
2145129,4,2,2418,Sydney,NSW,1983,House,2,4431
1675978,4,2,1799,Brisbane,QLD,2015,House,2,3514
2309892,3,4,2703,Sydney,NSW,1982,Townhouse,2,4722
1873863,2,4,2221,Melbourne,VIC,1984,House,0,4751
1910761,4,2,1935,Melbourne,VIC,2004,House,1,3006
1942447,3,1,2268,Sydney,NSW,2010,Apartment,1,6427
1097415,1,1,1057,Melbourne,VIC,1990,Townhouse,0,1845
1406171,3,3,1323,Melbourne,VIC,1987,Apartment,1,3745
1609237,3,3,1283,Melbourne,VIC,2005,House,2,3588
1899538,3,2,2085,Sydney,NSW,1981,House,1,4541
2414305,3,2,3039,Sydney,NSW,2007,House,0,6828
2508515,3,1,3338,Sydney,NSW,1989,House,1,6520
2267210,5,2,2382,Sydney,NSW,2018,House,0,7137
2051007,4,2,2300,Melbourne,VIC,2016,House,1,5765
1669359,5,3,919,Sydney,NSW,2018,House,1,2691
1796673,5,2,1674,Sydney,NSW,2000,Apartment,1,3553
1280618,1,2,1527,Brisbane,QLD,2007,Townhouse,2,4313
1670642,3,2,1627,Melbourne,VIC,2017,House,0,3535
1556631,3,2,1899,Adelaide,SA,2012,House,2,5317
1577636,4,2,1716,Perth,WA,1990,House,2,2912
1084456,3,1,812,Brisbane,QLD,2023,House,0,1994
2256712,5,2,2448,Sydney,NSW,1980,House,2,6166
1297811,3,1,1356,Brisbane,QLD,2012,Townhouse,1,3369
1673253,4,1,2143,Brisbane,QLD,1982,House,1,4652
2235948,2,3,3244,Brisbane,QLD,2005,House,1,8195
1592618,2,2,1448,Sydney,NSW,1994,House,1,2692
1278785,4,2,800,Brisbane,QLD,2020,House,2,1915
1520636,1,3,1828,Brisbane,QLD,1993,House,1,4262
2031631,4,2,2660,Melbourne,VIC,2002,Apartment,0,5261
2029561,1,4,3175,Brisbane,QLD,1987,Townhouse,1,8471
1480576,3,1,1262,Sydney,NSW,2015,Apartment,1,2046
1915775,3,3,2298,Brisbane,QLD,1999,House,2,4037
1427461,3,4,1720,Brisbane,QLD,1985,Apartment,1,3797
1990703,3,3,1936,Sydney,NSW,2012,House,1,5494
2179737,3,1,3586,Perth,WA,2007,Apartment,1,8474
1148719,2,2,1098,Perth,WA,2017,House,1,3034
1745765,2,1,2152,Sydney,NSW,2009,Apartment,0,4899
2097682,3,2,2280,Sydney,NSW,2022,House,1,6107
1813649,3,3,2651,Brisbane,QLD,1996,Apartment,0,5272
1904414,4,2,2058,Melbourne,VIC,1988,House,2,5605
1977472,3,2,2184,Melbourne,VIC,2007,House,1,4593
1506474,3,2,1765,Brisbane,QLD,1986,House,2,4127
1647588,3,2,2161,Adelaide,SA,2007,House,2,3812
1707172,1,3,1794,Melbourne,VIC,1996,House,2,5168
2173534,3,3,2372,Sydney,NSW,2019,House,0,6056
1813590,5,1,1778,Melbourne,VIC,2023,House,2,4958
1874741,4,2,2226,Brisbane,QLD,2023,House,2,4033
1548938,3,2,1982,Perth,WA,1984,House,2,3174
2115693,3,2,2675,Sydney,NSW,1984,House,0,5366
1943996,4,4,1969,Melbourne,VIC,1993,House,0,4479
1351406,3,3,936,Melbourne,VIC,1985,House,2,2531
1840249,1,2,2757,Brisbane,QLD,1986,House,1,5780
1449987,2,2,1456,Sydney,NSW,1996,Townhouse,0,2774
1309912,3,2,1607,Perth,WA,1988,Townhouse,1,3310
1806095,5,2,1642,Melbourne,VIC,2010,Apartment,2,4197
1886255,3,1,2824,Perth,WA,2001,House,1,5661
1134702,2,2,800,Melbourne,VIC,1988,Apartment,2,2374
2383022,2,1,3882,Brisbane,QLD,1995,House,1,6843
1950116,4,2,2633,Adelaide,SA,2015,House,1,6925
1638345,4,2,2133,Adelaide,SA,2013,Townhouse,1,5086
1525721,3,4,1967,Adelaide,SA,1992,Townhouse,1,3638
1945335,3,3,2171,Sydney,NSW,1998,Apartment,1,5711
1782000,1,2,2312,Melbourne,VIC,1991,House,1,5021
2128463,4,1,2387,Sydney,NSW,2015,House,1,6024
2008094,4,2,2333,Melbourne,VIC,1989,House,1,5817
1947391,3,2,2053,Sydney,NSW,1995,House,1,3421
1634842,4,2,1881,Brisbane,QLD,2007,Apartment,1,5193
1616578,3,3,1909,Brisbane,QLD,1998,House,0,4815
1663907,1,2,1883,Melbourne,VIC,2019,House,0,5029
1906429,3,2,2680,Brisbane,QLD,1985,House,1,5820
1966344,2,2,2356,Sydney,NSW,1983,House,2,4223
1109533,3,4,800,Perth,WA,2009,Townhouse,1,1591
2241634,3,4,2393,Sydney,NSW,2018,House,0,6826
1933376,3,2,2116,Melbourne,VIC,2010,House,1,6153
1840961,3,2,1988,Melbourne,VIC,2006,House,1,4420
1392194,3,2,1766,Perth,WA,2000,Apartment,1,3442
1603446,1,1,2674,Adelaide,SA,2016,Apartment,1,6941
2161703,3,2,2568,Sydney,NSW,1988,House,1,6803
1735079,3,2,1536,Sydney,NSW,2014,House,1,4183
1679037,3,1,2244,Brisbane,QLD,2021,House,0,3470
1515561,4,1,1417,Melbourne,VIC,2000,Townhouse,0,2146
1499944,4,2,1172,Melbourne,VIC,1996,House,1,2386
1793052,4,3,1623,Sydney,NSW,2003,Apartment,1,2807
1909303,3,2,2517,Brisbane,QLD,2010,House,2,6815
1948553,2,2,2571,Sydney,NSW,1985,Apartment,1,5913
2034189,3,2,2307,Melbourne,VIC,2014,House,2,6318
2146521,3,2,2435,Sydney,NSW,2016,House,0,4298
1623483,3,2,2309,Adelaide,SA,1992,House,2,5637
1715018,2,2,1615,Sydney,NSW,2004,House,1,3828
1810049,4,1,2259,Brisbane,QLD,2011,House,1,4542
1959645,2,2,2480,Sydney,NSW,1980,House,0,5644
2162901,5,2,2452,Melbourne,VIC,2014,House,0,5845
1849916,4,2,2713,Adelaide,SA,1998,Apartment,2,7690
2128236,3,4,2424,Sydney,NSW,1991,House,0,3839
1597472,4,1,2210,Perth,WA,2019,Apartment,0,6046
1835517,3,2,2642,Adelaide,SA,2019,House,0,7847
1622712,4,2,1984,Brisbane,QLD,2022,Townhouse,0,5153
1728451,3,3,1470,Sydney,NSW,1999,House,1,3833
1631269,4,2,1902,Perth,WA,2012,House,1,3475
1461485,3,3,1553,Perth,WA,2008,House,1,3548
1559390,5,3,1594,Adelaide,SA,1995,House,1,4081
1530933,3,2,1913,Perth,WA,1993,House,2,4598
1554651,3,2,1524,Melbourne,VIC,1986,Apartment,2,3167
1534925,4,2,1815,Brisbane,QLD,1985,House,1,5282
1368648,4,3,863,Melbourne,VIC,2000,Townhouse,1,1961
1810164,3,1,2127,Melbourne,VIC,2015,Apartment,1,6287
1586537,2,2,2000,Brisbane,QLD,2001,House,1,4693
1375746,3,2,1509,Brisbane,QLD,2019,Townhouse,2,4061
1854564,5,2,2395,Brisbane,QLD,1998,Apartment,1,6259
1914843,4,2,2562,Perth,WA,2004,House,1,6383
1485273,4,2,1035,Sydney,NSW,1982,House,1,1575
1535139,1,1,1542,Melbourne,VIC,2015,House,2,2492
1714149,3,2,1538,Melbourne,VIC,2013,House,2,3649
1703808,3,2,1436,Sydney,NSW,1990,House,2,4118
2233445,4,4,2497,Melbourne,VIC,2021,Townhouse,1,5998
1354214,1,2,1883,Adelaide,SA,2006,House,1,3492
1971213,4,3,1841,Melbourne,VIC,2021,House,2,3646
1167705,3,2,800,Sydney,NSW,1981,Apartment,0,1947
1869551,2,1,2381,Melbourne,VIC,1985,House,1,5704
1181077,3,3,1256,Brisbane,QLD,1981,Apartment,1,3685
1872275,3,1,2035,Melbourne,VIC,2021,House,1,4669
1977473,3,4,2166,Melbourne,VIC,1996,House,1,4403
2386948,2,3,2816,Sydney,NSW,2019,House,2,6442
1249865,2,2,1214,Melbourne,VIC,1993,Apartment,0,3254
1120586,4,2,800,Brisbane,QLD,1989,House,2,1848
1868365,2,2,2110,Melbourne,VIC,2012,Townhouse,2,4197
2539193,3,2,3080,Sydney,NSW,2021,House,2,6185
1739440,3,2,2743,Adelaide,SA,1991,Townhouse,1,7229
1995024,3,2,2125,Sydney,NSW,2011,House,1,3400
1828419,4,2,1705,Sydney,NSW,2003,Townhouse,2,3260
1816434,3,1,2484,Brisbane,QLD,1993,House,1,4296
1455156,4,3,1415,Brisbane,QLD,1984,House,1,4130
2067113,3,3,2285,Sydney,NSW,1984,House,1,3737
1652029,2,2,2303,Brisbane,QLD,2011,House,0,6074
2255952,2,3,2636,Sydney,NSW,2012,House,1,6447
2129179,3,2,3655,Adelaide,SA,1983,Apartment,1,8953
1702604,3,1,2235,Brisbane,QLD,2009,House,1,5913
1912232,4,2,1694,Sydney,NSW,2020,House,0,3559
1945097,3,2,1984,Sydney,NSW,1996,House,2,4169
1333778,3,2,938,Melbourne,VIC,1982,House,1,1814
1337401,2,3,1583,Brisbane,QLD,1992,Townhouse,1,3794
1652827,3,4,1754,Perth,WA,2023,House,2,5078
1396118,3,2,1685,Adelaide,SA,2015,House,1,4864
1949740,3,3,2091,Melbourne,VIC,1997,House,2,5342
1315279,3,1,1506,Perth,WA,2002,House,1,4307
2076035,2,1,2672,Melbourne,VIC,2014,House,2,7871
1888792,3,3,2000,Melbourne,VIC,2012,House,1,5385
1667757,4,2,1994,Brisbane,QLD,2015,Apartment,1,4211
1791732,3,2,1803,Sydney,NSW,1996,Townhouse,1,4011
2020823,3,2,2093,Sydney,NSW,2018,Townhouse,1,6063
1853264,5,2,2495,Perth,WA,2013,Townhouse,1,6250
1610119,3,1,1479,Melbourne,VIC,1991,House,2,4041
1280690,3,2,1605,Adelaide,SA,1984,House,1,2687
1795534,2,1,1817,Sydney,NSW,2019,House,2,3255
1342122,3,1,1192,Melbourne,VIC,2006,Apartment,1,2404
1550006,2,2,1508,Melbourne,VIC,2019,House,1,2688
1769918,5,2,1714,Melbourne,VIC,1992,Apartment,2,4902
1936246,4,3,2524,Adelaide,SA,2005,House,2,4608
1868785,4,1,2157,Melbourne,VIC,1993,House,1,5039
1995334,4,1,2116,Melbourne,VIC,2011,House,2,3445
2025677,3,2,2510,Melbourne,VIC,1990,House,1,4349
1504972,3,2,1917,Brisbane,QLD,2017,Apartment,0,3588
1889245,4,1,2234,Melbourne,VIC,1995,Townhouse,1,6645
1696209,5,1,1938,Brisbane,QLD,2001,House,2,5224
1694990,3,4,2159,Brisbane,QLD,1995,Apartment,2,5420
1824741,5,2,1650,Sydney,NSW,1992,House,0,4743
962451,3,2,800,Adelaide,SA,1991,House,2,2347
1561832,3,2,1919,Perth,WA,1997,House,2,4185
2208101,3,2,2853,Melbourne,VIC,2008,House,1,5683
1761721,3,2,2555,Brisbane,QLD,1997,Apartment,1,5042
1686750,1,2,2579,Brisbane,QLD,1981,House,1,4007
1796524,3,3,2741,Perth,WA,1981,Apartment,1,5262
1860762,3,1,2053,Sydney,NSW,1982,Townhouse,2,4173
1735001,3,3,2118,Brisbane,QLD,2008,House,1,3294
1685761,3,1,1629,Sydney,NSW,1987,House,1,4601
1740400,5,2,1810,Sydney,NSW,1990,Apartment,0,5017
1649363,3,1,2369,Brisbane,QLD,1991,Apartment,2,4448
1863299,3,1,2722,Perth,WA,2011,House,1,7360
1783083,2,4,1916,Melbourne,VIC,1983,House,1,5163
1475873,1,2,1729,Melbourne,VIC,1988,Townhouse,1,3464
1635075,4,1,2000,Brisbane,QLD,2003,House,0,5092
1806703,3,4,2360,Adelaide,SA,1995,House,2,4567
1511907,4,3,1133,Melbourne,VIC,1996,Townhouse,1,1820
1320236,2,3,800,Sydney,NSW,2001,House,1,1805
1450561,3,4,1669,Perth,WA,1986,House,0,3602
1431437,3,2,1267,Melbourne,VIC,1989,House,0,2164
1878757,3,3,1695,Sydney,NSW,2008,House,2,3789
1455132,1,2,1911,Brisbane,QLD,2015,Townhouse,1,5588
1761087,2,3,1728,Melbourne,VIC,2003,House,2,4487
2143773,3,3,2871,Melbourne,VIC,1993,Apartment,0,7489
1578657,2,2,2196,Perth,WA,1993,House,1,5789
2219947,5,3,2180,Sydney,NSW,2004,House,2,5705
1982954,3,2,2373,Sydney,NSW,2001,Apartment,1,3630
1410008,2,2,1316,Melbourne,VIC,2002,Townhouse,1,3801
2145487,2,1,2623,Sydney,NSW,2011,House,2,7201
1987058,3,4,1954,Melbourne,VIC,2005,House,2,3736
1880343,2,2,2402,Melbourne,VIC,2006,House,0,5595
1221659,4,2,1356,Perth,WA,1991,Apartment,1,3287
1183097,5,2,1067,Brisbane,QLD,1998,Townhouse,0,1812
2083388,3,4,2490,Melbourne,VIC,1998,Apartment,2,4684
1994882,3,2,2225,Sydney,NSW,2013,Apartment,1,3416
1594996,1,3,1458,Melbourne,VIC,2011,House,2,4078
1411109,3,3,1478,Brisbane,QLD,2008,House,0,2272
2255366,3,2,2675,Sydney,NSW,2000,House,1,5291
1228792,3,2,1286,Brisbane,QLD,2014,House,0,2080
2284503,3,3,2985,Melbourne,VIC,2021,Apartment,1,7977
1273869,3,4,1459,Adelaide,SA,1984,House,0,4214
2040192,3,3,2383,Melbourne,VIC,1991,House,1,5586
1293346,2,2,1802,Perth,WA,1986,Townhouse,2,3081
1788896,3,3,2361,Brisbane,QLD,2020,Townhouse,0,5520
1606799,3,2,1673,Melbourne,VIC,1981,House,1,4444
1725173,4,2,1902,Brisbane,QLD,2004,House,2,4903
1564278,2,3,2024,Perth,WA,1989,House,2,5289
1413750,4,1,1398,Brisbane,QLD,2017,House,1,2683
1991153,3,3,2444,Brisbane,QLD,2023,House,2,3937
1625724,2,2,1692,Sydney,NSW,1985,Townhouse,1,2916
1834965,3,3,1862,Sydney,NSW,2006,Apartment,1,5464
1595376,3,1,1403,Sydney,NSW,2014,Apartment,2,3396
1216983,5,2,800,Brisbane,QLD,1989,House,2,2073
1943718,2,3,1885,Sydney,NSW,1988,House,2,5370
2214626,3,1,3447,Brisbane,QLD,1999,House,2,9581
1956107,3,1,2470,Melbourne,VIC,2016,Townhouse,1,4515
2185387,5,4,1988,Sydney,NSW,2014,House,1,3155
1840407,3,2,1842,Melbourne,VIC,2016,House,1,5319
2141679,5,4,2013,Melbourne,VIC,2019,House,1,5985
1899848,5,1,2328,Melbourne,VIC,1987,Apartment,0,5473
1540120,3,2,1291,Melbourne,VIC,2010,House,1,3658
2484098,4,3,2668,Sydney,NSW,2022,House,2,4930
1900171,5,2,2429,Perth,WA,1995,House,2,4048
2072386,3,2,2430,Melbourne,VIC,2007,House,1,5468
1909064,3,2,2263,Melbourne,VIC,1985,House,1,6148
1654504,3,3,2011,Perth,WA,2011,Townhouse,2,4993
2093040,3,2,2403,Sydney,NSW,2007,House,1,5903
1766680,1,2,2355,Melbourne,VIC,1990,Townhouse,2,3594
1698689,3,1,1787,Melbourne,VIC,2021,House,0,3532
1678332,3,2,1655,Melbourne,VIC,2002,House,1,4817
1890865,3,2,2061,Sydney,NSW,2009,Apartment,2,3506
2320009,2,2,2929,Sydney,NSW,1988,House,2,7585
1551740,4,2,1256,Melbourne,VIC,2007,House,1,3315
1430033,4,1,1119,Sydney,NSW,2003,Apartment,0,2909
1916658,2,1,2098,Sydney,NSW,2007,House,2,6262
1876188,3,2,2030,Sydney,NSW,2003,Apartment,1,4292
1762873,3,2,2104,Melbourne,VIC,1994,Apartment,2,5309
2171718,5,3,2146,Sydney,NSW,2018,House,1,3843
1501913,1,2,1866,Brisbane,QLD,2012,House,1,3917
1956859,3,1,2893,Perth,WA,2013,House,0,6474
1330199,5,2,1039,Brisbane,QLD,2001,House,1,1894
1383802,5,1,1502,Perth,WA,2008,House,0,4298
1731412,4,3,1938,Brisbane,QLD,2013,House,0,4989
1626388,4,4,1014,Melbourne,VIC,2021,House,1,1952
1755272,2,2,1894,Sydney,NSW,1989,House,1,3225
2419068,3,2,2996,Sydney,NSW,2009,House,1,5789
1769915,3,2,2012,Melbourne,VIC,1990,House,0,4899
1914431,2,2,2138,Sydney,NSW,2013,Apartment,2,5858
1218263,4,3,1243,Adelaide,SA,2000,House,0,2804
1254268,2,1,1630,Adelaide,SA,1992,House,1,2695
1724417,3,2,1774,Sydney,NSW,2004,Apartment,1,3326
1824779,5,2,1809,Melbourne,VIC,2000,Townhouse,2,3650
2059698,2,3,2768,Melbourne,VIC,1980,Townhouse,1,6795
1806024,5,2,2334,Brisbane,QLD,1984,House,0,4365
1369833,5,4,1333,Brisbane,QLD,2001,Apartment,0,2467
1990440,3,1,2147,Sydney,NSW,1986,House,2,4143
1727365,2,2,2298,Brisbane,QLD,1992,House,2,5491
1893225,3,3,2684,Brisbane,QLD,2002,Apartment,1,6009
2215807,3,2,2948,Melbourne,VIC,2000,House,0,8144
1511385,3,2,1390,Melbourne,VIC,1985,House,1,3542
1160966,3,1,1513,Adelaide,SA,1999,Apartment,1,3784
1297675,5,1,1245,Perth,WA,1991,Townhouse,2,2157
1721237,2,1,1859,Melbourne,VIC,2019,House,0,2943
2071222,4,4,2279,Sydney,NSW,1988,Apartment,1,5163
2017872,1,2,2592,Melbourne,VIC,2007,House,1,4167
1648304,3,3,1954,Brisbane,QLD,1990,House,1,3998
1917324,5,2,1808,Sydney,NSW,2011,Apartment,1,2782
1859118,3,2,2091,Melbourne,VIC,1990,Townhouse,2,3691
1679067,2,2,1498,Sydney,NSW,2003,House,1,2496
2388692,3,4,3253,Melbourne,VIC,1994,Apartment,1,8789
1646894,4,3,1035,Sydney,NSW,2020,House,1,2090
1980978,3,3,2110,Sydney,NSW,2014,Apartment,1,3415
2142994,3,1,3214,Melbourne,VIC,1996,Apartment,0,6101
1507670,3,2,2004,Perth,WA,2004,Apartment,1,5058
1850268,5,2,1885,Melbourne,VIC,2014,Townhouse,0,4938
1944544,5,4,1785,Melbourne,VIC,1998,House,2,2999
1627217,3,2,1891,Brisbane,QLD,2020,House,1,5046
2228425,4,2,2823,Sydney,NSW,2010,Apartment,0,5805
1359085,3,2,800,Sydney,NSW,1996,House,0,2015
2241205,3,2,2920,Sydney,NSW,2002,Apartment,1,7321
1032838,2,1,1145,Brisbane,QLD,1980,House,1,3082
1488379,3,3,1840,Brisbane,QLD,1989,Apartment,1,4684
1681303,3,2,1742,Sydney,NSW,1987,Apartment,1,2715
1825644,1,3,2353,Brisbane,QLD,2021,House,2,5363
1130434,3,3,1041,Adelaide,SA,2005,House,1,1821
2171419,4,2,2277,Sydney,NSW,2013,House,1,6729
2107170,3,2,3214,Brisbane,QLD,1998,Apartment,2,6055
1345750,3,1,1182,Melbourne,VIC,1993,House,0,2518
1984482,5,4,2113,Melbourne,VIC,1987,House,0,3794
1434610,1,2,1602,Melbourne,VIC,1980,House,1,2727
1919973,3,2,2255,Brisbane,QLD,2004,House,2,5416
1769575,4,2,2011,Melbourne,VIC,2003,Apartment,1,4505
1490583,3,2,1615,Melbourne,VIC,1999,Townhouse,0,3330
2017162,3,2,2292,Melbourne,VIC,2009,House,2,3732
2303459,2,2,3082,Sydney,NSW,1984,House,1,8026
1646949,4,3,1885,Brisbane,QLD,1982,House,2,2844
2222681,3,3,2431,Sydney,NSW,2011,House,2,5317
1525251,4,2,1224,Melbourne,VIC,1996,House,1,2997
1785695,3,2,1426,Sydney,NSW,2021,House,2,3060
1857549,3,3,2283,Melbourne,VIC,1984,Apartment,2,3857
2238841,4,1,2890,Melbourne,VIC,1990,House,2,7709
1726963,3,3,2213,Brisbane,QLD,2017,Apartment,1,4395
1827305,3,2,1812,Sydney,NSW,1983,House,2,3084
1823208,3,2,1999,Melbourne,VIC,2018,House,0,4649
1495638,4,2,1249,Melbourne,VIC,1998,Townhouse,2,1910
1849112,3,2,2362,Perth,WA,2018,House,1,4692
2014121,3,3,2529,Melbourne,VIC,2002,House,0,6642
1266695,2,1,1728,Perth,WA,1996,Townhouse,0,4959
1864813,5,2,1717,Sydney,NSW,1992,House,1,4101
1666997,2,2,2159,Brisbane,QLD,2006,House,1,3944
1804431,3,3,1737,Sydney,NSW,1980,House,1,3180
1523960,3,2,1960,Brisbane,QLD,1981,House,1,4716
2532157,3,3,3259,Sydney,NSW,1997,House,1,6878
1696389,3,2,1851,Melbourne,VIC,2015,Apartment,1,3270
1660079,2,1,1784,Melbourne,VIC,2012,House,1,4785
1478622,3,3,1611,Perth,WA,2015,Apartment,2,2901
2026618,4,1,2446,Sydney,NSW,1981,Apartment,1,4850
1427049,4,2,1891,Brisbane,QLD,1983,Apartment,0,3011
1140041,2,1,1610,Adelaide,SA,1995,Apartment,1,4109
2306311,4,2,2792,Sydney,NSW,1983,Townhouse,2,5342
1824301,3,2,2851,Adelaide,SA,1988,House,0,5273
1845873,4,2,1639,Sydney,NSW,2000,House,1,3205
1153439,3,2,880,Perth,WA,2002,House,1,2474
1650822,3,2,2604,Adelaide,SA,1981,Apartment,2,5930
1425509,5,2,1589,Adelaide,SA,1982,House,1,2760
2019234,4,2,2474,Melbourne,VIC,2002,Apartment,2,6586
1144318,3,4,817,Perth,WA,2005,House,1,1482
2144732,3,3,2535,Sydney,NSW,1986,Townhouse,2,5372
1411269,3,1,1273,Melbourne,VIC,2015,Apartment,1,2994
2007091,3,1,2438,Melbourne,VIC,2023,Apartment,1,5795
1891942,3,4,2008,Melbourne,VIC,2012,Townhouse,1,3220
1427698,3,2,1427,Brisbane,QLD,2015,Townhouse,2,3933
1762046,4,2,1755,Sydney,NSW,1983,House,0,3896
1598124,2,3,2411,Adelaide,SA,2002,Townhouse,0,7196
1749974,3,2,2063,Brisbane,QLD,2004,House,2,5316
1666497,2,2,2350,Perth,WA,2020,Apartment,1,7025
2216284,3,4,3185,Perth,WA,2005,House,1,6945
1150487,2,2,1061,Brisbane,QLD,2007,House,1,1816
2251704,3,1,2970,Sydney,NSW,2007,Apartment,1,7696
1748554,4,1,2062,Melbourne,VIC,2000,Apartment,1,5500
1639930,4,2,1460,Melbourne,VIC,1989,House,2,4059
1586771,3,3,1201,Sydney,NSW,2006,House,0,2346
1735588,3,2,1886,Melbourne,VIC,1994,Townhouse,2,4274
1799346,3,1,2552,Brisbane,QLD,1996,House,1,7113
2060520,4,4,1923,Sydney,NSW,2018,House,1,5380
2336575,4,1,2906,Melbourne,VIC,2014,House,1,4472
1364810,3,1,1129,Melbourne,VIC,1984,House,1,2830
1869116,3,2,1992,Sydney,NSW,1995,House,0,4787
1375697,4,2,1248,Brisbane,QLD,2002,House,2,2028
1738270,1,2,2218,Brisbane,QLD,2018,House,2,6422
1747487,3,4,2532,Adelaide,SA,1988,Townhouse,0,5489
1902932,5,3,1747,Sydney,NSW,2012,Townhouse,0,4388
1347224,4,2,800,Melbourne,VIC,2014,Townhouse,1,2259
1883137,3,2,2119,Melbourne,VIC,2019,Apartment,2,3592
1660948,3,2,2262,Adelaide,SA,2003,House,1,6296
2014019,3,2,2242,Melbourne,VIC,2003,House,2,5800
2037692,3,1,2741,Melbourne,VIC,2003,Apartment,1,7564
1800432,3,4,1357,Sydney,NSW,1998,House,2,3043
2172643,3,1,2408,Sydney,NSW,2018,House,1,3733
2291485,4,1,2715,Sydney,NSW,2004,House,1,6804
1350323,4,2,932,Brisbane,QLD,2010,House,2,1923
1783133,2,2,2191,Brisbane,QLD,2017,House,2,4610
1648499,3,1,1697,Melbourne,VIC,2004,House,1,3669
1670571,3,1,1951,Melbourne,VIC,2006,Townhouse,1,4369
2092999,3,2,2208,Sydney,NSW,2011,House,1,5505
1429693,3,2,1707,Brisbane,QLD,1990,House,1,4423
1354216,3,2,1594,Perth,WA,1984,House,1,4249
1679895,4,2,2020,Perth,WA,2023,Townhouse,1,5066
1580258,3,2,1347,Sydney,NSW,2012,Apartment,2,3645
1481932,5,3,1348,Brisbane,QLD,1998,House,1,2269
1827509,5,2,2407,Adelaide,SA,2022,House,0,6633
1256765,2,1,1310,Brisbane,QLD,1995,House,1,2727
2033937,3,2,2399,Melbourne,VIC,2014,House,0,5503
1873191,5,3,2277,Brisbane,QLD,1990,House,1,4898
1157826,5,1,964,Brisbane,QLD,1990,House,1,2135
1527906,2,2,1593,Melbourne,VIC,1989,House,1,3072
2142562,1,1,2716,Sydney,NSW,2013,House,2,4767
1230437,2,1,1411,Brisbane,QLD,1984,House,2,2339
1564367,5,2,1721,Perth,WA,2002,House,0,3747
1464431,2,2,2277,Adelaide,SA,2004,Apartment,1,3843
2228135,3,3,2470,Sydney,NSW,2008,Townhouse,2,4612
1624889,4,2,1849,Brisbane,QLD,2019,House,1,3144
1662422,1,2,1641,Sydney,NSW,1992,House,2,2730
1906155,3,2,2853,Adelaide,SA,2011,Townhouse,2,8057
2368340,3,2,3043,Sydney,NSW,2013,Apartment,1,7641
2060504,4,1,2587,Melbourne,VIC,1991,Townhouse,1,7466
2076299,3,3,2051,Sydney,NSW,2003,House,2,5058
1622046,3,4,1515,Brisbane,QLD,2019,House,2,4190
1527721,3,1,1501,Melbourne,VIC,2000,Townhouse,2,3503
1785317,3,1,2313,Brisbane,QLD,2008,House,1,5075
1688948,1,1,2251,Melbourne,VIC,2002,Apartment,2,5160
2157845,3,2,2840,Melbourne,VIC,2012,Apartment,1,5626
1899159,3,2,2390,Melbourne,VIC,1987,Apartment,1,5944
1664652,4,3,1098,Sydney,NSW,2021,Townhouse,1,3125
2355889,4,3,2631,Sydney,NSW,1992,House,2,7034
1367570,3,2,1401,Brisbane,QLD,1984,House,2,3072
1853094,3,2,1769,Melbourne,VIC,2020,House,2,5186
1900568,3,2,2150,Sydney,NSW,1989,Townhouse,1,6403
2450631,4,2,3197,Melbourne,VIC,1993,House,1,7161
2880387,3,2,3865,Sydney,NSW,2003,House,2,10812
1848359,3,2,2364,Melbourne,VIC,1990,Townhouse,1,3562
1454718,3,2,1890,Adelaide,SA,1982,House,2,3024
1864844,3,2,2320,Melbourne,VIC,2008,Apartment,1,3558
1917090,3,2,2532,Brisbane,QLD,2009,House,2,6736
1685135,3,3,1807,Brisbane,QLD,2016,House,2,2927
2226837,2,2,3077,Melbourne,VIC,1986,House,1,4694
1895164,4,2,2138,Melbourne,VIC,1996,House,0,3679
1980460,3,2,2298,Melbourne,VIC,1999,House,1,4504
1937700,2,2,2399,Sydney,NSW,1990,Apartment,2,5271
1800684,3,2,2252,Brisbane,QLD,2023,House,1,3600
1877892,3,1,2503,Brisbane,QLD,2004,House,2,5628
1362420,3,2,1629,Adelaide,SA,2003,House,1,3050
1323587,3,2,1665,Brisbane,QLD,1981,Apartment,2,3182
1657910,3,4,1339,Melbourne,VIC,2006,Townhouse,1,3661
1730811,3,2,2263,Brisbane,QLD,1998,House,0,6746
1909204,3,2,2467,Brisbane,QLD,2008,House,2,5417
1668368,2,2,2274,Brisbane,QLD,2016,Apartment,1,4509
1924632,4,1,3004,Perth,WA,1990,Apartment,1,8705
1464843,3,3,1996,Adelaide,SA,1998,Townhouse,1,4493
2096156,3,2,2401,Sydney,NSW,2007,House,0,6232
1447539,1,2,1344,Melbourne,VIC,2018,House,1,2852
1468870,3,2,1767,Brisbane,QLD,2000,Townhouse,1,3188
2084926,3,2,2417,Melbourne,VIC,2005,House,2,6000
1940820,3,3,2509,Brisbane,QLD,2001,House,1,6266
1736054,4,2,1823,Melbourne,VIC,1985,House,1,3994
1692193,2,2,1957,Melbourne,VIC,1990,House,1,3728
1474948,3,3,1089,Sydney,NSW,1993,Apartment,2,2993
1732527,4,3,1785,Brisbane,QLD,2015,House,1,3416
2326499,5,1,2534,Sydney,NSW,2019,House,2,6306
1651352,2,1,2345,Brisbane,QLD,2020,Apartment,1,4868
1516504,3,1,2300,Adelaide,SA,1981,House,0,5080
1997581,3,2,2029,Sydney,NSW,2022,House,1,3688
1972940,2,4,2004,Sydney,NSW,1999,House,1,4958
1718468,3,2,1603,Sydney,NSW,2001,Apartment,2,2948
2032898,2,2,2419,Melbourne,VIC,2018,House,1,5391
1966398,4,3,2252,Sydney,NSW,1983,Apartment,1,4488
1956896,3,2,2295,Melbourne,VIC,2008,House,0,6760
1685886,2,2,1684,Melbourne,VIC,2003,House,1,5008
1159147,1,4,800,Melbourne,VIC,1980,Apartment,2,2104
1979157,4,3,2658,Brisbane,QLD,2003,Apartment,1,7910
1429927,2,3,1712,Adelaide,SA,2009,House,0,2860
1574969,3,2,1482,Sydney,NSW,1991,Townhouse,0,4429
1809380,3,3,2416,Perth,WA,1998,House,1,3999
1775050,3,1,1764,Sydney,NSW,2016,Apartment,2,3746
2251801,3,2,2635,Sydney,NSW,2019,Apartment,2,4898
2057817,2,4,2370,Melbourne,VIC,2022,House,0,6946
1929163,3,2,2410,Melbourne,VIC,1983,House,1,5913
1483985,2,3,1180,Sydney,NSW,1994,Townhouse,1,2827
2222072,3,2,2727,Sydney,NSW,1999,Apartment,2,8171
1631525,3,1,2156,Adelaide,SA,2023,House,1,5216
1890461,3,3,1778,Sydney,NSW,1999,House,1,4391
1397558,1,1,2086,Brisbane,QLD,2000,Apartment,1,3269
1050369,3,2,934,Brisbane,QLD,1989,Townhouse,1,2605
1955459,3,1,2245,Sydney,NSW,2009,Apartment,1,6634
1587554,5,4,1382,Melbourne,VIC,2003,Apartment,0,4064
1624529,3,2,1188,Sydney,NSW,2019,House,1,2176
1446493,3,2,1086,Sydney,NSW,2019,Apartment,1,1998
2230443,3,1,2667,Sydney,NSW,2017,House,1,5466
1834017,5,4,1622,Sydney,NSW,1982,Apartment,1,3188
2493282,4,3,2920,Sydney,NSW,2008,House,1,5719
1840587,3,3,1678,Sydney,NSW,1987,House,2,4041
1294730,3,2,975,Melbourne,VIC,2008,Apartment,0,2642
1438706,3,2,1330,Melbourne,VIC,1989,Apartment,2,3864
1633826,3,1,2741,Adelaide,SA,1984,Townhouse,0,4391
1908950,4,2,1906,Sydney,NSW,1990,House,0,3654
1481060,3,2,1671,Brisbane,QLD,1983,House,2,3145
1606414,2,4,2096,Adelaide,SA,2014,Townhouse,2,4267
2214407,4,3,2301,Sydney,NSW,2019,House,0,4916
2087948,4,2,2670,Melbourne,VIC,1991,Apartment,2,5564
2139153,3,1,2869,Melbourne,VIC,2000,Townhouse,1,8401
1370015,3,3,1784,Adelaide,SA,1995,Townhouse,1,3846
1157215,3,1,1204,Brisbane,QLD,1993,House,0,2803
1641270,4,1,1751,Melbourne,VIC,2000,Apartment,1,4595
1746274,4,2,2156,Brisbane,QLD,2006,House,1,5579
1630481,3,2,1421,Melbourne,VIC,2015,House,1,3375
1592553,3,3,1425,Melbourne,VIC,1980,House,1,3979
1616715,4,2,2206,Brisbane,QLD,1980,Apartment,1,5375
1621653,3,1,1970,Brisbane,QLD,2001,House,2,5542
1756994,3,2,2019,Sydney,NSW,1994,Apartment,0,3946
1528046,4,3,1544,Perth,WA,1999,House,0,2623
1753978,3,2,1861,Melbourne,VIC,1982,House,2,5081
1329394,3,2,1445,Brisbane,QLD,1993,House,0,2997
2086314,4,4,2534,Melbourne,VIC,1988,Apartment,1,6276
1993699,4,4,2621,Perth,WA,1998,House,1,6830
1217461,3,4,892,Brisbane,QLD,2019,Apartment,1,1775
1635825,3,3,1442,Melbourne,VIC,2013,House,2,3256
970219,3,1,1102,Adelaide,SA,1983,House,1,3132
1800100,3,2,1609,Sydney,NSW,2012,House,1,4539
1902440,2,2,1949,Sydney,NSW,2022,House,1,5116
1531957,4,2,1130,Melbourne,VIC,2016,House,0,2988
1508558,3,4,1446,Melbourne,VIC,1981,Apartment,1,4118
1576786,3,3,1397,Melbourne,VIC,2006,House,1,3640
1761971,3,3,2124,Brisbane,QLD,1996,House,2,4268
1780683,5,1,2041,Brisbane,QLD,2010,House,2,3432
1622656,3,4,1566,Melbourne,VIC,2020,Apartment,0,3342
1556329,2,3,2106,Perth,WA,1985,House,0,3435
1453104,2,1,1671,Brisbane,QLD,2010,House,2,2798
1333077,3,3,1837,Perth,WA,1982,Apartment,0,5373
2032844,3,2,3004,Adelaide,SA,2019,House,2,7551
2238578,3,1,2804,Sydney,NSW,1982,House,2,7788
1226423,3,2,1220,Brisbane,QLD,2012,Apartment,2,3007
1941245,2,2,2497,Melbourne,VIC,1992,House,1,5314
1705805,3,1,2486,Perth,WA,2000,House,0,3824
1269393,3,2,1311,Brisbane,QLD,2016,Apartment,1,3846
2231158,2,4,2491,Sydney,NSW,1995,House,2,4001
1876950,2,2,2922,Adelaide,SA,2000,House,0,7059
1352000,2,3,1326,Brisbane,QLD,2023,Townhouse,2,2193
1215902,2,2,1449,Adelaide,SA,1992,House,1,2792
2098542,3,1,2610,Sydney,NSW,1983,House,1,4643
1598612,2,2,2162,Perth,WA,2010,Apartment,2,5040
1677451,3,2,2330,Brisbane,QLD,1988,House,0,6597
1913686,2,2,2204,Melbourne,VIC,2012,House,1,5408
1738675,5,1,2234,Perth,WA,2016,House,0,5577
1212639,4,2,1204,Brisbane,QLD,2016,Apartment,0,3447
1868082,3,2,2628,Brisbane,QLD,2003,House,0,6897
2144724,3,3,2701,Sydney,NSW,2004,Apartment,1,7562
1557660,3,1,1862,Perth,WA,2020,House,1,3956
1556071,3,2,1973,Brisbane,QLD,2008,Apartment,2,5523
1079778,1,1,1081,Perth,WA,2019,House,2,2669
1984831,3,2,2308,Melbourne,VIC,2015,House,1,3932
1804951,3,1,2343,Melbourne,VIC,1994,Apartment,0,3650
2072221,4,4,1962,Sydney,NSW,1997,House,1,3662
1977100,2,3,2674,Brisbane,QLD,1999,House,2,5529
1756893,4,2,1799,Melbourne,VIC,1984,House,1,4960
1928493,4,1,2338,Melbourne,VIC,1997,Apartment,2,6108
1321656,2,2,1388,Brisbane,QLD,2019,House,0,4071
1882117,3,3,1985,Sydney,NSW,1980,Apartment,2,4644
1232502,2,1,1895,Adelaide,SA,1998,Apartment,1,4968
1919711,3,2,2135,Melbourne,VIC,2002,House,2,4084
1463686,3,3,1778,Adelaide,SA,2005,House,1,4480
1886500,3,3,1921,Sydney,NSW,2008,Apartment,1,4916
2155270,3,3,2495,Melbourne,VIC,2013,House,1,6919
1837617,5,3,1737,Melbourne,VIC,1998,Apartment,2,4005
1150717,2,4,1036,Brisbane,QLD,1997,House,1,2562
2412406,5,2,3049,Sydney,NSW,1981,House,0,5503
2149582,3,2,2828,Melbourne,VIC,2006,House,1,7369
1304626,4,3,1224,Adelaide,SA,1985,House,1,3377
2174031,3,2,2413,Sydney,NSW,2018,House,1,5770
1504673,2,4,1698,Brisbane,QLD,1985,House,2,2841
1662473,4,1,2158,Brisbane,QLD,1985,House,1,4249
2038896,3,2,2176,Sydney,NSW,2010,House,1,4817
1686020,3,2,1859,Brisbane,QLD,2020,House,1,4677
1709612,3,2,1529,Melbourne,VIC,2019,House,2,3029
1816121,3,2,1585,Sydney,NSW,2009,House,2,4377
1614836,3,3,1450,Melbourne,VIC,2000,House,1,2984
1388693,4,1,1500,Perth,WA,2020,Apartment,1,2347
2018033,2,3,1959,Sydney,NSW,2023,House,1,5273
1509061,3,2,1570,Melbourne,VIC,1997,Townhouse,1,3873
1905764,4,2,2409,Brisbane,QLD,2002,House,1,6511
2335997,2,2,2892,Sydney,NSW,2017,House,1,5852
1296109,2,2,1651,Adelaide,SA,2002,House,1,2521
2095840,4,3,2143,Sydney,NSW,2007,House,1,3452
1939014,3,3,2299,Melbourne,VIC,2015,Townhouse,1,3835
1878722,3,3,2283,Brisbane,QLD,2004,House,2,6182
1907725,2,4,2045,Sydney,NSW,1986,House,1,3993
1830819,3,2,2445,Brisbane,QLD,1997,House,1,7329
1644554,2,4,2289,Adelaide,SA,1999,Townhouse,2,6038
1461972,3,3,1257,Sydney,NSW,1984,Apartment,1,3019
2167179,4,3,2521,Melbourne,VIC,1997,House,1,7502
2200087,3,1,2532,Sydney,NSW,2021,Townhouse,2,5000
1407886,3,4,1542,Perth,WA,2019,Townhouse,0,2696
2094467,5,2,2022,Sydney,NSW,2012,House,1,5271
2049585,3,3,2409,Melbourne,VIC,1994,House,1,4620
1623122,4,1,1874,Brisbane,QLD,2014,House,1,5513
2068998,3,2,2643,Melbourne,VIC,1980,House,1,7884
2668734,4,2,3418,Sydney,NSW,2000,House,2,9877
1006542,1,2,1528,Adelaide,SA,1987,Apartment,1,4458
1384257,2,1,1171,Melbourne,VIC,1986,House,2,2838
1973877,3,3,2182,Melbourne,VIC,2020,Apartment,2,5539
2137425,3,1,2432,Sydney,NSW,2023,House,1,3993
1504681,4,2,1861,Perth,WA,2019,Apartment,1,4922
2358426,3,1,2871,Sydney,NSW,2019,House,2,5178
1521797,3,2,1196,Sydney,NSW,2009,Townhouse,0,3303
1948161,4,2,2415,Melbourne,VIC,2017,Apartment,0,7107
1343238,3,2,1636,Adelaide,SA,2014,House,0,2976
2334669,3,2,3031,Sydney,NSW,1981,House,1,4902
2280759,3,2,3195,Sydney,NSW,1987,Townhouse,0,7112
1594881,3,1,1540,Melbourne,VIC,2017,House,1,4138
1412344,2,1,1670,Melbourne,VIC,1983,Apartment,1,4436
1916546,5,2,2515,Brisbane,QLD,2016,House,0,6403
1418257,2,4,1767,Brisbane,QLD,2000,Apartment,0,4827
1774296,2,2,1972,Sydney,NSW,1992,Townhouse,2,3476
1896345,4,2,2015,Melbourne,VIC,1988,House,1,4993
1419054,3,2,848,Sydney,NSW,2008,House,1,2042
1868415,3,2,1991,Melbourne,VIC,2020,House,0,3445
1414349,3,1,1586,Brisbane,QLD,2003,House,1,3365
1508188,3,1,1704,Melbourne,VIC,1995,Apartment,1,4735
2343337,3,2,2866,Sydney,NSW,1991,House,2,8477
1584749,3,2,1246,Sydney,NSW,1981,House,1,3112
1785054,3,1,2487,Perth,WA,1998,House,2,7172
1621028,4,2,1832,Perth,WA,2009,House,2,3111
1750882,3,4,1832,Melbourne,VIC,1995,Apartment,1,5427
2286926,5,2,2474,Sydney,NSW,2003,House,1,3835
1406726,1,2,2204,Adelaide,SA,1992,Apartment,2,5049
1948934,3,4,2342,Melbourne,VIC,1984,House,1,4536
2080679,3,3,2580,Melbourne,VIC,2002,House,0,7022
1672414,5,2,1801,Brisbane,QLD,2017,House,1,3289
1683991,1,3,1632,Sydney,NSW,2010,House,0,2477
1550298,3,1,1348,Melbourne,VIC,1996,House,2,2862
1377764,4,2,1504,Perth,WA,1982,House,1,2401
2766319,3,2,3769,Sydney,NSW,2005,House,2,7294
1959926,4,1,2746,Brisbane,QLD,1992,House,1,6772
1453615,1,2,1189,Melbourne,VIC,2023,House,2,2309
1149552,4,1,1206,Adelaide,SA,2017,Apartment,1,2254
2100388,5,2,2289,Sydney,NSW,2001,Apartment,1,3967
1806828,3,2,2328,Perth,WA,2000,House,2,3964
2038020,3,2,2329,Melbourne,VIC,2008,House,2,5331
1591226,1,1,1847,Melbourne,VIC,2018,House,1,4658
1778375,5,1,1924,Sydney,NSW,1984,Apartment,1,4194
1548050,3,2,2196,Perth,WA,1993,Apartment,1,3702
1956125,1,4,2051,Sydney,NSW,1997,House,2,5070
960663,3,1,800,Perth,WA,1983,House,1,1868
1815077,3,2,1862,Melbourne,VIC,2012,Townhouse,2,3858
1395205,2,3,1489,Perth,WA,2018,House,1,2970
1846812,3,1,2105,Sydney,NSW,1999,House,0,3736
2758878,2,3,3791,Sydney,NSW,1992,House,2,6518
1942594,3,2,2220,Melbourne,VIC,2015,House,0,4459
1713389,3,2,1811,Melbourne,VIC,1983,House,1,2830
2139140,3,2,2553,Melbourne,VIC,2014,House,2,5501
1810749,4,2,2289,Brisbane,QLD,1987,Apartment,2,5500
2108064,4,2,2252,Sydney,NSW,2019,House,1,6559
1871653,3,3,2364,Brisbane,QLD,2015,Townhouse,2,5765
2391705,1,3,3233,Sydney,NSW,1985,House,1,7878
1692461,3,2,1321,Sydney,NSW,2001,House,2,2724
1703167,3,3,2284,Adelaide,SA,1985,House,2,3883
1661510,3,2,1444,Melbourne,VIC,2021,House,1,3134
1752139,3,2,2333,Brisbane,QLD,2015,Townhouse,0,5595
1649191,3,2,1448,Sydney,NSW,1988,House,1,3746
1879169,5,3,1749,Sydney,NSW,1995,Townhouse,0,4792
1763562,2,2,1822,Melbourne,VIC,2018,House,1,3434
2045112,3,2,2585,Melbourne,VIC,2017,Apartment,1,4813
2183999,1,3,2551,Sydney,NSW,2012,House,1,5989
1674580,5,2,1252,Sydney,NSW,1997,Apartment,2,2942
1798642,2,1,2032,Sydney,NSW,1991,House,1,3714
1614862,2,2,1574,Sydney,NSW,2006,Townhouse,1,3748
1063401,3,2,1244,Perth,WA,1980,Apartment,0,2513
1795984,3,2,1869,Melbourne,VIC,1994,House,2,4597
1586922,3,4,1814,Brisbane,QLD,2006,Townhouse,1,3514
2595823,3,2,3456,Sydney,NSW,1995,House,2,8254
1616345,3,2,2259,Perth,WA,2000,Townhouse,0,5993
1264093,1,2,1173,Sydney,NSW,1980,Apartment,1,3485
1654886,3,1,1661,Melbourne,VIC,2008,House,0,4761
2141839,4,2,2612,Sydney,NSW,1982,House,0,5892
2311848,3,4,3253,Melbourne,VIC,1991,Apartment,0,7262
1104876,4,2,1048,Perth,WA,2007,Apartment,1,2260
1289850,3,1,872,Melbourne,VIC,2018,House,1,1344
2099275,3,2,3122,Adelaide,SA,2016,House,2,5461
1639938,2,2,2233,Perth,WA,2010,House,1,3548
1702966,3,3,1479,Sydney,NSW,2010,Townhouse,1,3763
2095406,4,3,2320,Melbourne,VIC,2012,House,2,4919
1050195,5,2,800,Adelaide,SA,2012,Townhouse,1,1276
2093307,3,4,2002,Sydney,NSW,2019,House,1,5076
1587440,1,2,2196,Brisbane,QLD,1990,House,2,5418
1814792,2,2,2554,Adelaide,SA,2008,House,2,6590
1301000,3,2,1391,Brisbane,QLD,2004,Townhouse,1,3339
1596907,3,1,2051,Brisbane,QLD,1992,House,1,3574
1427974,2,4,1444,Perth,WA,2023,House,1,2300
1730417,5,1,2153,Brisbane,QLD,1998,Apartment,2,5869
1503247,3,2,1462,Melbourne,VIC,2015,Apartment,2,2667
1914011,5,3,1755,Sydney,NSW,2007,Apartment,1,4061
1396042,4,2,1402,Brisbane,QLD,1983,Townhouse,2,3124
1658092,4,3,2390,Adelaide,SA,1982,Townhouse,1,6888
2035350,3,2,2515,Melbourne,VIC,2017,Apartment,1,5856
1866405,3,2,1859,Melbourne,VIC,2016,House,2,4406
1963499,3,4,2022,Melbourne,VIC,2022,House,1,4003
1121323,3,1,1130,Perth,WA,2004,House,0,3322
1909316,3,3,1820,Sydney,NSW,2020,Apartment,2,4402
1775708,5,2,1969,Brisbane,QLD,2014,House,1,2969
2305855,4,3,3572,Adelaide,SA,2008,Apartment,1,8338
1769859,4,1,1332,Sydney,NSW,2020,House,2,2726
2013775,4,2,2878,Adelaide,SA,2008,Townhouse,2,4456
1904204,3,3,2598,Adelaide,SA,1991,House,2,5578
1463416,2,2,2168,Adelaide,SA,2014,Apartment,1,5768
2336132,3,3,3055,Melbourne,VIC,1999,House,1,6891
1888699,3,3,2223,Melbourne,VIC,1996,Townhouse,1,5467
1802742,4,3,2233,Brisbane,QLD,1991,House,1,5493
1985899,3,4,1968,Melbourne,VIC,2015,House,2,4933
2263289,3,2,2734,Sydney,NSW,1989,House,2,5690
1715486,3,1,2657,Adelaide,SA,1997,House,0,5461
1245438,1,1,1624,Brisbane,QLD,2009,House,0,2448
1538616,3,2,1208,Sydney,NSW,1987,Townhouse,2,2092
1958924,4,1,1878,Sydney,NSW,2020,House,2,5496
1377221,2,2,1519,Brisbane,QLD,1992,House,1,4200
1567052,3,1,1961,Perth,WA,2010,House,1,3752
2033763,3,1,2742,Melbourne,VIC,1985,House,1,5764
1633931,2,1,1725,Sydney,NSW,1986,Townhouse,2,5021
1565963,2,3,1974,Brisbane,QLD,2000,House,1,3703
2094891,5,2,2034,Sydney,NSW,2017,Townhouse,1,4677
2125227,3,2,2509,Sydney,NSW,2022,Apartment,1,3846
1260000,3,3,800,Melbourne,VIC,2007,Apartment,1,1943
1631820,2,1,1635,Melbourne,VIC,2023,House,1,4736
1961872,3,4,2126,Melbourne,VIC,2000,Townhouse,2,6012
1924254,3,2,2720,Perth,WA,2000,House,2,6128
1693299,3,1,1704,Melbourne,VIC,2003,House,2,4218
1058959,2,2,874,Adelaide,SA,2006,House,2,2058
1858624,4,3,2371,Perth,WA,2006,House,1,3796
1416268,3,2,1618,Brisbane,QLD,1992,Townhouse,1,2813
1708627,3,3,1286,Sydney,NSW,2008,House,2,3788
1320819,3,1,1625,Perth,WA,2018,Apartment,1,3062
1560010,3,2,1889,Adelaide,SA,2007,House,1,3923
1681654,4,1,1637,Melbourne,VIC,2016,Townhouse,1,3705
1444618,5,2,800,Melbourne,VIC,2008,House,1,2374
2134815,3,2,2538,Sydney,NSW,2001,Townhouse,1,6434
2409180,4,4,2764,Sydney,NSW,2015,Townhouse,0,6758
1977807,4,1,2390,Melbourne,VIC,2009,House,0,5467
1678774,5,2,1317,Sydney,NSW,2007,Apartment,1,3360
1829336,3,2,1879,Sydney,NSW,2002,Apartment,2,4690
1849246,3,3,1996,Melbourne,VIC,2012,House,1,5697
1758110,3,4,2359,Perth,WA,1983,House,0,5456
1686748,4,3,2401,Perth,WA,1982,Apartment,1,5119
1388148,1,4,1559,Adelaide,SA,2011,House,2,4227
1880667,3,3,2049,Melbourne,VIC,1983,House,1,5532
1925443,3,4,2274,Melbourne,VIC,1980,House,0,3990
1932509,3,3,2873,Perth,WA,1991,Apartment,2,5330
1733443,3,1,2422,Brisbane,QLD,1992,House,1,7117
2176278,4,2,2473,Sydney,NSW,2013,Apartment,1,5357
1760137,3,2,2050,Melbourne,VIC,2008,Apartment,1,4673
1941338,4,2,2846,Adelaide,SA,1988,House,1,5593
2129577,3,2,2245,Sydney,NSW,2010,House,2,4989
1538297,3,2,1483,Sydney,NSW,1986,Apartment,0,3879
2195843,3,4,2842,Melbourne,VIC,1992,Townhouse,1,6319
1483802,1,1,2418,Adelaide,SA,1981,House,1,4770
1884420,3,3,1734,Sydney,NSW,2012,Townhouse,1,2850
1468070,3,3,1712,Brisbane,QLD,1986,House,0,4952
2091987,3,4,2177,Sydney,NSW,1997,House,0,6114
2137799,4,4,2277,Melbourne,VIC,1987,House,1,6120
1904242,3,3,2118,Melbourne,VIC,1991,House,1,5383
2084988,2,2,2186,Sydney,NSW,2022,House,2,4971
1884599,2,2,3019,Adelaide,SA,2009,Apartment,1,8595
1732561,3,2,2642,Perth,WA,1988,Townhouse,1,7103
1904528,3,3,2114,Melbourne,VIC,2007,Townhouse,1,5759
2208252,2,3,2564,Sydney,NSW,1983,House,2,5038
1607879,3,3,1380,Melbourne,VIC,2018,House,1,2947
1622021,3,1,2238,Perth,WA,1996,House,1,5731
2391949,3,2,3085,Sydney,NSW,1990,House,1,6345
1771145,4,2,1869,Melbourne,VIC,1981,House,1,4188
1551111,3,1,1491,Melbourne,VIC,2002,House,1,3683
1623611,3,2,1608,Sydney,NSW,2001,Townhouse,0,3469
1632360,4,1,1346,Sydney,NSW,2005,House,0,3620
1598746,3,3,1529,Melbourne,VIC,1991,Townhouse,2,2560
1641350,3,2,1777,Melbourne,VIC,2011,Townhouse,0,4581
1107881,3,2,1156,Perth,WA,1988,House,1,1986
1397491,1,4,2009,Adelaide,SA,2022,Apartment,0,5840
2069953,3,2,2541,Melbourne,VIC,1984,House,1,5009
1552234,3,1,1455,Melbourne,VIC,2005,House,1,3919
2100394,5,2,2911,Brisbane,QLD,1986,House,0,6644
1735289,4,1,2306,Brisbane,QLD,2008,House,0,3774
2135927,3,1,2618,Sydney,NSW,2012,House,1,6215
1691679,3,1,1605,Sydney,NSW,2003,House,1,4604
1705290,3,2,2512,Perth,WA,2004,Apartment,2,4361
1494164,3,1,1344,Sydney,NSW,2010,Townhouse,0,2665
2068883,3,2,2534,Melbourne,VIC,2008,Apartment,2,5470
1615435,3,3,2103,Brisbane,QLD,1984,Apartment,2,4022
2133847,3,2,2331,Sydney,NSW,2017,House,0,6799
1379695,2,4,1294,Brisbane,QLD,1990,House,2,2675
1523321,5,2,1462,Perth,WA,2011,House,1,3638
1984951,2,2,2358,Sydney,NSW,1987,House,1,4329
1449190,5,3,1430,Perth,WA,1999,House,1,2618
2033592,5,1,2277,Sydney,NSW,2013,Apartment,1,4017
1260633,3,1,1179,Perth,WA,2021,House,1,2539
1885366,4,2,2508,Brisbane,QLD,1987,House,1,5768
1438980,3,2,1260,Melbourne,VIC,1981,House,2,1911
2048604,3,3,2331,Sydney,NSW,2000,Apartment,1,6409
1934174,3,4,2375,Melbourne,VIC,1994,Apartment,1,5390
1350697,3,2,1581,Adelaide,SA,1985,House,2,2745
1971385,3,2,2349,Melbourne,VIC,1984,House,2,3760
1906998,3,2,2156,Melbourne,VIC,1982,House,2,3438
1582590,3,4,1676,Adelaide,SA,2022,House,2,3163
1595445,3,3,1394,Melbourne,VIC,2022,Apartment,1,3136
1239162,3,4,822,Melbourne,VIC,1995,Apartment,1,2294
1566432,2,2,2209,Perth,WA,2014,Apartment,1,6307
1088183,2,3,1061,Adelaide,SA,1988,House,2,2916
1768948,3,2,2057,Melbourne,VIC,2014,Apartment,0,4099
1683640,2,2,1841,Melbourne,VIC,1998,House,1,3609
1752535,2,4,2407,Adelaide,SA,2022,House,0,7177
1894300,4,1,1818,Sydney,NSW,2013,House,1,4586
1812177,1,4,1802,Sydney,NSW,2018,Apartment,1,3527
1826492,3,1,2439,Melbourne,VIC,1989,Apartment,1,4862
2003460,3,3,2201,Sydney,NSW,1989,House,0,4736
1852157,4,2,2189,Melbourne,VIC,1999,Apartment,1,5326
1677768,3,2,2281,Brisbane,QLD,1980,House,2,6495
1412647,3,2,1078,Sydney,NSW,1985,Apartment,2,1938
1744074,3,2,2454,Perth,WA,1981,Townhouse,0,3991
2146254,3,2,2367,Sydney,NSW,2017,House,2,4992
1660251,3,2,1389,Melbourne,VIC,2012,House,2,2596
1488963,2,1,1853,Melbourne,VIC,1982,House,0,4381
1622730,5,1,1976,Perth,WA,2015,Apartment,2,5037
1817903,3,1,1919,Sydney,NSW,1992,House,2,3773
2075118,3,2,2200,Sydney,NSW,2014,House,1,5562
1951900,4,3,2858,Adelaide,SA,1994,House,0,5759
1857425,3,3,2649,Adelaide,SA,2001,House,1,6496
1607720,4,2,1212,Sydney,NSW,2022,Apartment,2,2970
1882475,3,2,2373,Sydney,NSW,1983,Apartment,1,4550
1977984,4,3,2797,Brisbane,QLD,1996,Apartment,1,6863
1605122,2,2,2232,Brisbane,QLD,1984,House,1,4623
1772059,4,2,2654,Adelaide,SA,2000,Apartment,1,5321
2532048,4,2,3207,Sydney,NSW,2003,House,1,6202
2161188,3,1,2614,Sydney,NSW,2010,House,1,5276
1687878,2,1,2149,Brisbane,QLD,2019,House,2,5761
2062626,3,1,2627,Melbourne,VIC,2009,Townhouse,2,4906
1776885,5,2,2086,Brisbane,QLD,2021,Apartment,1,5265
1565832,3,1,2014,Perth,WA,1986,House,1,5742
1549962,3,1,1789,Melbourne,VIC,1986,Apartment,1,3624
2223329,1,2,2938,Sydney,NSW,2006,Apartment,2,4537
1571787,3,1,1508,Melbourne,VIC,2003,House,1,2319
2201700,3,1,2919,Melbourne,VIC,1998,House,1,4990
2275183,5,4,2299,Melbourne,VIC,2020,House,2,3829
1178112,3,1,1160,Adelaide,SA,2013,House,2,3042
1828410,4,2,2220,Melbourne,VIC,2001,Apartment,0,4312
1390530,3,2,800,Sydney,NSW,2006,Townhouse,1,1983
1862925,1,2,2375,Melbourne,VIC,1985,House,1,3714
2183666,3,2,2531,Sydney,NSW,1989,House,2,4919
1729306,3,2,1644,Sydney,NSW,2010,House,0,3044
1840063,5,3,2074,Brisbane,QLD,2004,House,1,3972
2089646,4,2,3172,Brisbane,QLD,1981,Apartment,1,5666
1743826,3,3,1696,Melbourne,VIC,1989,House,0,4117
1513410,3,2,1364,Melbourne,VIC,1989,House,1,3403
2381812,3,4,2888,Melbourne,VIC,2005,House,1,4976
2487100,5,3,3177,Sydney,NSW,1984,Apartment,1,8298
2132271,4,4,2002,Sydney,NSW,2001,House,1,3754
1799379,4,2,2606,Perth,WA,1983,House,1,5016
2005368,3,2,2804,Brisbane,QLD,2013,House,1,7694
1346929,3,3,1554,Adelaide,SA,1986,House,1,4433
1360464,3,3,1708,Brisbane,QLD,1996,Apartment,0,4677
2245069,3,4,2738,Melbourne,VIC,1990,House,1,4714
2327138,3,2,3011,Sydney,NSW,1987,Townhouse,2,9029
1984811,1,3,2337,Sydney,NSW,2007,House,1,5863
1387689,2,2,1472,Brisbane,QLD,2023,House,2,3335
2472495,4,2,3192,Melbourne,VIC,2012,House,1,9360
1374225,4,1,1681,Brisbane,QLD,2004,Townhouse,0,4583
1665796,3,2,1798,Melbourne,VIC,2000,Apartment,2,4564
1674359,3,4,2205,Adelaide,SA,1991,House,0,6081
2252166,3,1,2932,Melbourne,VIC,2005,House,2,6094
2131883,4,2,2512,Melbourne,VIC,2008,House,1,6347
1657509,4,2,2248,Perth,WA,2017,Apartment,1,4016
2012082,4,1,2277,Melbourne,VIC,2014,House,0,6792
1763908,4,2,2026,Perth,WA,2016,House,2,4829
2070369,3,2,2334,Sydney,NSW,2023,Apartment,2,6354
996907,3,1,800,Brisbane,QLD,2008,House,0,1688
1832059,3,3,1822,Sydney,NSW,2003,Townhouse,1,4806
1947781,3,4,2144,Sydney,NSW,1994,Townhouse,0,4463
1265325,4,2,1309,Brisbane,QLD,1985,Apartment,2,3122
1990793,3,1,2231,Sydney,NSW,2011,Townhouse,1,5952
1914141,2,2,1877,Sydney,NSW,2023,House,1,3143
2133226,3,3,3053,Perth,WA,2013,House,0,6213
2120790,5,2,2943,Adelaide,SA,2015,House,2,6822
1660160,3,1,1720,Sydney,NSW,1999,Townhouse,1,3442
1831145,3,2,1909,Melbourne,VIC,1991,House,2,3749
1805558,3,4,1955,Brisbane,QLD,2014,House,2,3759
1336014,2,2,1729,Perth,WA,2017,Townhouse,0,3184
1492002,3,2,2117,Adelaide,SA,1996,Apartment,1,5871
1918407,4,4,1545,Sydney,NSW,2006,House,1,4458
1466754,3,2,1321,Melbourne,VIC,1996,House,1,3370
2070392,4,3,2373,Sydney,NSW,1990,House,0,3667
2093583,3,2,2377,Melbourne,VIC,2018,House,2,6370
1671052,2,4,1517,Sydney,NSW,1981,House,2,3486
2307613,5,2,2537,Sydney,NSW,1981,House,2,6691
1788789,3,3,1621,Melbourne,VIC,2008,House,2,3495
1996317,3,2,2151,Sydney,NSW,2003,House,1,3361
1883520,4,3,2492,Perth,WA,2003,House,1,6286
1437822,3,2,1979,Brisbane,QLD,1995,Apartment,0,4288
2051960,4,2,2272,Sydney,NSW,2010,House,1,6389
1498393,2,3,1690,Perth,WA,2022,House,0,4406
1446772,3,2,1882,Adelaide,SA,1988,House,1,3838
1707010,2,2,1876,Melbourne,VIC,2006,Townhouse,2,4852
1783476,4,2,1552,Melbourne,VIC,2020,Townhouse,2,3480
1922826,3,3,1893,Sydney,NSW,1993,House,2,3407
1427819,4,1,1070,Sydney,NSW,2004,Townhouse,0,2280
1952529,5,3,1705,Melbourne,VIC,2022,House,2,3127
1944506,3,2,1829,Sydney,NSW,2023,House,0,2757
1705157,3,1,1846,Melbourne,VIC,2001,House,1,3452
1912348,3,2,1855,Sydney,NSW,2014,House,1,3365
1797948,3,2,1962,Melbourne,VIC,2012,Apartment,1,2957
2049978,3,2,2287,Melbourne,VIC,2006,House,2,6121
1974362,3,2,2524,Melbourne,VIC,2019,Apartment,1,4078
1730114,5,1,1610,Melbourne,VIC,2005,House,1,3499
1677029,5,4,1278,Melbourne,VIC,1998,House,0,2718
1407461,4,1,1374,Perth,WA,2018,House,2,2436
1582907,4,2,1707,Brisbane,QLD,2005,House,1,5038
1602798,3,2,1788,Melbourne,VIC,1985,Apartment,2,4303
1213942,3,2,1538,Adelaide,SA,1982,Apartment,1,4183
1308421,4,2,1222,Brisbane,QLD,1985,House,1,2743
1847358,3,2,1726,Sydney,NSW,2007,House,1,4461
2136168,5,3,2108,Sydney,NSW,1982,House,1,6230
2014957,3,2,2357,Sydney,NSW,1992,Townhouse,1,4767
1639226,3,1,1665,Melbourne,VIC,1992,House,2,3758
1783601,4,2,1752,Melbourne,VIC,1992,House,2,3980
1593040,5,2,1443,Melbourne,VIC,1980,House,0,4314
1533666,3,1,1981,Perth,WA,2019,House,0,3664
1691570,4,2,1490,Sydney,NSW,2016,Townhouse,1,3746
2036113,3,2,2343,Melbourne,VIC,2010,House,2,4001
1243017,3,2,928,Melbourne,VIC,1996,Townhouse,1,2683
1386036,4,3,1784,Adelaide,SA,1988,Apartment,2,4256
1932005,3,2,2180,Sydney,NSW,1992,Apartment,2,6082
1940939,3,2,2110,Sydney,NSW,2016,Apartment,1,5999
2460279,3,1,3615,Sydney,NSW,1993,Apartment,1,8445
1926041,3,2,2209,Melbourne,VIC,1990,House,2,5575
1587875,3,2,1397,Melbourne,VIC,2004,House,1,3561
1625179,3,2,1942,Brisbane,QLD,2010,House,1,4255
1315322,2,3,934,Melbourne,VIC,1993,House,1,2010
1978896,5,2,1951,Sydney,NSW,1986,House,1,3472
1632125,3,2,1500,Melbourne,VIC,2003,House,1,3114
1931651,4,2,2549,Perth,WA,2015,House,1,7612
1734863,3,2,1670,Melbourne,VIC,2021,House,1,3181
1577229,3,2,1929,Perth,WA,2021,Townhouse,2,5102
1602273,3,2,1618,Melbourne,VIC,2023,Apartment,1,2572
2327402,3,1,3043,Sydney,NSW,2020,Apartment,1,6698
1456247,3,1,1807,Brisbane,QLD,1982,House,1,2869
2533607,3,2,3099,Sydney,NSW,2023,House,2,6861
2242958,3,3,2488,Sydney,NSW,2005,House,1,3835
1975481,2,2,2289,Sydney,NSW,2005,House,0,5539
1929294,3,1,2221,Sydney,NSW,1980,House,1,5286
1791237,2,3,2236,Melbourne,VIC,1994,Apartment,1,6030
1205500,2,3,843,Melbourne,VIC,1990,Apartment,1,2003
1937564,5,3,1832,Melbourne,VIC,2016,House,0,5294
1927791,3,2,2507,Melbourne,VIC,1986,Townhouse,0,6705
1781800,3,3,1970,Melbourne,VIC,1991,Apartment,2,3348
1454127,3,1,1156,Sydney,NSW,2017,Apartment,1,2196
1679681,5,1,1968,Brisbane,QLD,1982,House,2,3030
2181500,3,1,3022,Melbourne,VIC,2021,Townhouse,1,6284
2104377,4,3,2748,Brisbane,QLD,2005,House,1,6222
1808908,3,1,1962,Melbourne,VIC,2009,House,2,5729
2092947,5,2,2570,Melbourne,VIC,2011,Apartment,0,5870
1616366,4,2,1780,Brisbane,QLD,2015,House,1,4755
1402879,4,2,977,Melbourne,VIC,2016,Townhouse,0,1859
1477627,2,3,1445,Melbourne,VIC,1997,Townhouse,1,2500
2093143,3,1,2937,Melbourne,VIC,1980,House,0,7979
1696543,3,2,1835,Melbourne,VIC,2000,House,0,3434
1853029,3,3,1853,Melbourne,VIC,2007,House,2,5204
1822130,4,1,1820,Sydney,NSW,1995,House,1,3193
2347836,1,2,3142,Sydney,NSW,2007,House,2,8727
2045111,2,3,2975,Brisbane,QLD,2001,House,1,7912
2628851,3,4,3331,Sydney,NSW,1998,House,1,8051
1649716,2,3,1904,Sydney,NSW,1980,Apartment,0,5285
1643589,3,2,2177,Adelaide,SA,2010,House,1,4346
1599401,4,2,1090,Sydney,NSW,2021,Townhouse,1,1906
2173633,3,1,2886,Melbourne,VIC,2013,House,0,5009
1205984,1,2,1299,Perth,WA,2019,House,2,2475
1740754,3,1,2130,Sydney,NSW,1985,Apartment,1,4620
1279010,3,2,1341,Adelaide,SA,2007,House,1,3775
1653301,2,3,1646,Sydney,NSW,1982,Apartment,1,2691
1716236,3,2,1497,Sydney,NSW,2010,Apartment,2,4302
1679913,4,2,1635,Sydney,NSW,1995,Apartment,0,4723
1741740,4,2,1676,Melbourne,VIC,1996,House,1,4343
1404417,4,2,1671,Adelaide,SA,2023,Apartment,1,4763
1655928,1,4,2500,Perth,WA,2006,Apartment,0,6637
1438852,5,2,1337,Brisbane,QLD,2003,House,1,3065
1921157,4,2,2132,Sydney,NSW,1999,Apartment,1,5119
1965683,5,2,2730,Perth,WA,2011,House,0,6669
1344434,1,1,1692,Brisbane,QLD,2014,House,0,2860
1888684,5,2,1569,Sydney,NSW,1992,House,2,2808
1642386,4,3,1861,Perth,WA,2022,House,0,4254
1943219,4,1,2707,Perth,WA,1999,House,1,4529
1542431,2,1,2116,Brisbane,QLD,1981,House,0,6238
1660907,4,1,1681,Sydney,NSW,1983,House,0,3800
1865656,5,3,2290,Adelaide,SA,2006,House,1,4741
1633740,3,3,1338,Sydney,NSW,2004,Townhouse,1,2324
1811272,3,2,2408,Brisbane,QLD,1983,House,1,5118
2077730,5,2,2245,Sydney,NSW,2011,Townhouse,0,4386
1556753,3,3,1815,Adelaide,SA,1996,House,2,2962
1514245,3,3,1496,Melbourne,VIC,1980,Apartment,1,4416
1671181,3,3,1467,Melbourne,VIC,2012,House,0,2785
2249667,5,3,2320,Sydney,NSW,2009,House,1,5885
1942255,2,2,2737,Melbourne,VIC,1984,Townhouse,0,4481
1246750,3,2,1617,Adelaide,SA,1991,Apartment,1,4642
1688708,3,3,2275,Adelaide,SA,2017,Apartment,1,5428
1549655,4,4,800,Sydney,NSW,2011,House,0,1988
1476194,3,1,1649,Melbourne,VIC,2017,Apartment,0,4407
2015197,5,1,1981,Sydney,NSW,1996,House,1,4772
1940259,5,4,1454,Melbourne,VIC,2019,House,2,2335
1243668,2,2,1438,Perth,WA,2011,House,0,3083
1494223,3,3,1599,Brisbane,QLD,2003,House,0,3027
1776654,1,2,2175,Melbourne,VIC,1991,House,1,4851
1632680,3,1,1887,Melbourne,VIC,2010,Apartment,1,3976
960649,3,1,800,Brisbane,QLD,1998,Townhouse,0,2191
1482707,5,1,800,Sydney,NSW,2008,House,1,1496
1725403,4,2,1635,Sydney,NSW,2000,Townhouse,1,2947
1895528,2,2,2274,Sydney,NSW,2005,Apartment,0,6680
1464444,2,3,800,Sydney,NSW,2007,House,1,2339
1673975,3,4,1700,Melbourne,VIC,1996,House,0,5083
1361087,3,2,1684,Adelaide,SA,1988,House,1,3962
2352841,3,2,2833,Sydney,NSW,2000,House,2,4730
1480419,4,2,1768,Perth,WA,2013,Townhouse,1,4988
2054197,5,2,2229,Melbourne,VIC,1990,House,1,3830
1632384,3,2,2084,Brisbane,QLD,1999,House,1,3613
1456533,4,1,800,Sydney,NSW,2018,House,1,1432
2089959,3,1,2460,Sydney,NSW,1995,House,2,6103
1991382,4,1,2129,Sydney,NSW,2008,House,1,3536
1668369,3,1,2304,Brisbane,QLD,1980,House,1,6148
2589732,2,3,4355,Brisbane,QLD,1997,Townhouse,1,6914
1151414,5,2,800,Adelaide,SA,2001,House,1,1332
2307323,3,3,3034,Melbourne,VIC,1987,House,1,6530
1796196,4,4,1827,Melbourne,VIC,1986,Townhouse,0,3780
2043528,3,4,2172,Melbourne,VIC,2004,House,1,6483
1960379,1,4,1972,Sydney,NSW,2009,House,1,5820
1685735,2,2,1745,Melbourne,VIC,2013,House,1,3114
1531492,3,2,1658,Perth,WA,2023,House,2,4841
1902332,3,1,2197,Melbourne,VIC,2020,House,1,5578
1154552,3,3,1089,Perth,WA,1990,House,0,2302
2080676,3,3,2450,Melbourne,VIC,1994,House,2,6394
1783701,3,3,1750,Melbourne,VIC,2014,Apartment,2,4988
1563387,4,2,1321,Melbourne,VIC,2002,House,1,2340
1805428,3,3,1729,Sydney,NSW,2000,House,0,3103
1916779,5,1,2754,Adelaide,SA,2007,Townhouse,1,5820
1236598,3,1,1678,Perth,WA,1992,Apartment,0,2944
1721432,3,3,2215,Brisbane,QLD,2013,Apartment,2,4520
1345629,2,2,1561,Adelaide,SA,2017,House,2,3854
2180399,3,4,2454,Sydney,NSW,1985,House,1,6675
1949041,1,1,2411,Melbourne,VIC,2023,House,2,4709
1984036,3,3,3109,Perth,WA,1983,Apartment,1,5977
1797241,3,2,1894,Melbourne,VIC,1984,House,2,5058
2153318,3,3,2401,Sydney,NSW,2019,Apartment,2,4974
1924284,4,3,2058,Sydney,NSW,1985,Townhouse,0,5615
2116330,3,4,2777,Melbourne,VIC,2000,Apartment,0,8304
1401957,3,2,1568,Brisbane,QLD,2007,Apartment,1,4658
2169503,2,4,2447,Sydney,NSW,1982,House,2,6102
1824880,4,1,1883,Melbourne,VIC,2002,House,2,3884
1800545,2,1,1961,Sydney,NSW,1987,House,1,3134
1819887,3,2,2055,Melbourne,VIC,1998,House,0,5357
1634703,3,3,2151,Perth,WA,1990,House,0,6382
1805761,3,2,1930,Melbourne,VIC,1989,House,2,3092
1929452,3,3,2128,Melbourne,VIC,2007,Townhouse,1,3212
2451485,4,3,2946,Sydney,NSW,1999,Townhouse,1,8097
2115044,1,2,2591,Sydney,NSW,2023,Townhouse,1,4284
2326645,3,4,2521,Sydney,NSW,2007,House,2,4090
1561187,3,1,1726,Brisbane,QLD,2008,House,2,4947
1633084,2,3,1466,Sydney,NSW,1987,House,1,2374
2055470,3,2,2573,Melbourne,VIC,1998,House,1,4299
1790828,3,2,2525,Brisbane,QLD,2000,Apartment,1,5946
2101836,3,2,2883,Brisbane,QLD,1997,House,2,7598
1580916,3,1,1637,Melbourne,VIC,1988,House,1,3437
1766472,3,2,1862,Melbourne,VIC,1983,House,1,3968
1513826,4,1,1016,Sydney,NSW,2020,House,1,2488
1733262,3,2,1764,Sydney,NSW,2004,Apartment,1,3984
1962476,3,1,2597,Melbourne,VIC,2013,Townhouse,0,3969
1581865,3,2,1720,Melbourne,VIC,1988,Townhouse,1,2873
1995979,1,3,2384,Sydney,NSW,1988,House,1,5656
1501246,2,2,1885,Brisbane,QLD,1997,Townhouse,1,5073
1737020,3,3,2194,Brisbane,QLD,1990,House,0,5803
1517982,5,2,1311,Melbourne,VIC,1992,Apartment,0,3422
2017346,4,2,2051,Sydney,NSW,2017,Townhouse,1,5449
1185379,2,2,800,Melbourne,VIC,1988,House,1,1253
1774594,4,2,1887,Melbourne,VIC,1995,Townhouse,1,5366
1496294,4,2,1021,Sydney,NSW,1983,House,2,2895
1950970,3,1,2723,Brisbane,QLD,2013,House,0,6258
2054385,4,3,2466,Melbourne,VIC,1986,House,1,4619
1984162,3,3,2280,Sydney,NSW,1994,Apartment,1,5445
2231655,3,2,2912,Melbourne,VIC,2017,Apartment,2,6806
1269201,3,3,1430,Perth,WA,1990,Apartment,1,2624
2047968,3,1,3048,Perth,WA,2011,House,1,7330
1864859,3,2,2559,Perth,WA,2006,House,1,6899
1572628,3,1,1858,Melbourne,VIC,2009,Apartment,1,5033
2129590,5,3,2681,Brisbane,QLD,1996,House,2,4262
1477291,5,3,1336,Perth,WA,2015,House,1,2399
1755858,4,3,1505,Melbourne,VIC,1998,House,2,3766
1629721,4,1,1634,Melbourne,VIC,1986,House,1,4560
1719817,5,2,1682,Brisbane,QLD,2022,House,2,3839
1198949,2,3,1366,Adelaide,SA,2000,House,1,3498
1814283,3,1,2733,Adelaide,SA,2007,Townhouse,2,4187
1758599,3,2,1844,Sydney,NSW,1982,Apartment,1,4450
1578045,4,1,2211,Adelaide,SA,1993,Apartment,1,6508
1609515,3,1,1657,Melbourne,VIC,1981,House,1,4130
1307546,4,2,907,Melbourne,VIC,2008,Apartment,2,2617
1525225,2,2,2162,Adelaide,SA,1997,House,1,5078
1046713,3,1,852,Perth,WA,2016,House,1,2357
1595065,4,1,1958,Brisbane,QLD,2003,House,0,3303
1103350,2,2,1179,Perth,WA,1991,Apartment,2,1986
2198180,3,2,3192,Brisbane,QLD,2011,House,1,5364
2039490,3,2,2546,Melbourne,VIC,1997,House,1,5687
1609398,3,2,2063,Adelaide,SA,1992,House,2,4117
1831350,4,2,2758,Adelaide,SA,1983,Apartment,2,7112
1530650,3,2,1492,Melbourne,VIC,2002,Apartment,1,4258
2004052,3,3,2326,Melbourne,VIC,1989,Townhouse,2,5650
1815776,2,3,2119,Melbourne,VIC,1984,House,1,3857
1582848,4,1,2158,Perth,WA,2019,Townhouse,0,6251
1849048,3,1,2763,Brisbane,QLD,1993,Apartment,2,6333
1846462,3,3,2439,Adelaide,SA,2013,House,2,6293
1841157,4,1,2173,Melbourne,VIC,2007,Apartment,1,6162
1096689,3,1,1007,Brisbane,QLD,1987,House,0,3005
1321774,4,1,1423,Perth,WA,1995,House,1,3216
2022066,3,2,1926,Sydney,NSW,2010,House,2,5224
1662048,3,2,2056,Brisbane,QLD,1986,House,2,4832
1502264,2,4,1321,Melbourne,VIC,1982,House,1,2947
2417338,5,3,3447,Brisbane,QLD,2008,Townhouse,2,7950
2151148,4,2,2909,Brisbane,QLD,2015,House,1,6478
1769086,3,2,2361,Perth,WA,2018,House,1,5033
1774461,3,2,2043,Melbourne,VIC,1983,House,0,5282
1843305,4,1,1872,Sydney,NSW,1988,House,1,3510
1196602,3,1,1428,Perth,WA,1996,Townhouse,1,3464
1900474,4,1,2046,Melbourne,VIC,1999,House,2,5258
1935586,3,1,2154,Sydney,NSW,1993,House,1,6115
1477698,4,2,1254,Melbourne,VIC,2008,Apartment,1,2507
2100327,3,2,2200,Sydney,NSW,1992,House,2,6141
1649918,3,4,1906,Brisbane,QLD,2015,Townhouse,1,5564
1133617,3,2,855,Brisbane,QLD,1996,House,1,2115
1821365,5,4,1483,Melbourne,VIC,2022,Apartment,1,3942
1374103,3,2,1751,Brisbane,QLD,1983,Apartment,2,3693
2238369,3,2,3132,Melbourne,VIC,1999,Apartment,1,9172
1920956,3,2,2333,Sydney,NSW,1990,Apartment,0,5849
1137560,3,1,1198,Perth,WA,2021,Apartment,1,2355
2018196,4,1,2291,Melbourne,VIC,2001,House,2,4827
1611986,4,4,1071,Sydney,NSW,1987,House,0,2600
1860430,2,4,2649,Brisbane,QLD,2007,Townhouse,1,4904
1829840,5,1,1717,Melbourne,VIC,2020,House,1,4518
1889110,4,1,1943,Sydney,NSW,2009,House,0,3570
2362385,4,2,2795,Sydney,NSW,2012,House,1,6674
1234840,3,1,1227,Adelaide,SA,2012,House,2,3125
1448742,4,2,1161,Melbourne,VIC,2015,Apartment,0,3240
1654532,2,1,1649,Sydney,NSW,2006,Apartment,2,4290
1972902,3,2,2623,Brisbane,QLD,1999,House,2,7077
1169863,4,2,1088,Perth,WA,2012,Townhouse,1,3123
1206369,3,2,800,Melbourne,VIC,2004,Apartment,1,1917
1840473,2,1,1729,Sydney,NSW,2023,House,2,4789
2069401,4,2,2331,Melbourne,VIC,2022,House,2,4307
2356842,4,4,2720,Sydney,NSW,1998,Townhouse,0,7404
1407319,2,2,1722,Brisbane,QLD,2000,House,1,3155
1865222,4,3,1753,Melbourne,VIC,2021,House,1,5087
2250536,3,3,2692,Melbourne,VIC,2012,House,1,5371
1229644,3,4,878,Brisbane,QLD,1982,House,1,1543
1766077,4,3,1766,Melbourne,VIC,1993,Townhouse,2,3043
1439849,3,2,2114,Adelaide,SA,1994,Apartment,1,3765
2054943,2,3,2269,Melbourne,VIC,2012,House,2,4927
1610285,3,1,1694,Melbourne,VIC,2021,Apartment,1,3868
1544855,3,2,2020,Perth,WA,2001,House,0,5800
1476294,3,4,800,Sydney,NSW,1980,House,2,1657
1857807,4,3,1605,Sydney,NSW,2010,Apartment,1,2931
1977544,4,4,2272,Brisbane,QLD,2014,House,1,5943
1562439,3,3,1410,Melbourne,VIC,1999,Townhouse,1,2400
1906320,4,3,2035,Melbourne,VIC,2011,Apartment,1,5777
1676125,2,3,2268,Perth,WA,1991,House,1,4795
1519911,2,3,1794,Brisbane,QLD,1995,Townhouse,2,4343
1667877,4,2,2102,Perth,WA,1987,House,2,3740
1337019,2,4,1422,Perth,WA,1993,House,1,2444
1854618,3,3,1876,Sydney,NSW,1997,Apartment,2,5062
1703963,3,3,2366,Brisbane,QLD,2009,Apartment,0,5074
1535434,3,2,2094,Adelaide,SA,2012,House,0,6240
1712529,4,2,1648,Melbourne,VIC,2013,Townhouse,0,3768
1730801,3,1,2134,Brisbane,QLD,2023,House,1,5909
2055007,1,4,2428,Melbourne,VIC,2013,House,0,7213
1303140,3,2,800,Sydney,NSW,1986,Townhouse,1,1537
2107542,3,2,2695,Sydney,NSW,1985,Apartment,1,7281
1638099,3,1,1798,Melbourne,VIC,1985,House,1,2756
2008130,3,3,2255,Melbourne,VIC,2001,Townhouse,2,5682
2126070,4,3,2718,Melbourne,VIC,1987,Apartment,2,7116
1286786,5,3,1176,Adelaide,SA,2016,Apartment,1,2608
1648189,3,2,1574,Sydney,NSW,1994,Apartment,1,2744
1704559,3,2,1826,Melbourne,VIC,2005,Apartment,2,4430
1725619,3,2,1529,Melbourne,VIC,2018,House,2,4354
2101965,5,1,3040,Adelaide,SA,1982,House,2,8809
1628777,5,3,1485,Melbourne,VIC,1989,Townhouse,0,3891
1388595,3,1,1666,Brisbane,QLD,1982,House,1,3159
1802884,4,2,2122,Brisbane,QLD,2009,House,1,5955
1498863,3,2,1278,Melbourne,VIC,2001,House,1,3622
1616798,1,2,1762,Sydney,NSW,1982,House,1,3614
1897600,1,4,2190,Sydney,NSW,1980,Apartment,2,3886
1869598,3,1,1800,Sydney,NSW,2012,House,2,5062
1907988,3,3,1943,Sydney,NSW,1998,House,0,5496
1507176,1,1,1682,Melbourne,VIC,2015,Townhouse,1,2778
1074637,3,1,1091,Brisbane,QLD,2013,Apartment,1,3219
1999333,3,2,2192,Sydney,NSW,2010,House,0,5042
2401268,3,1,3052,Sydney,NSW,2022,House,0,9130
1633888,3,3,2011,Brisbane,QLD,2003,Apartment,2,4358
1828340,2,2,2135,Sydney,NSW,1991,Townhouse,1,4910
2060853,3,1,2415,Sydney,NSW,1992,House,2,4587
1170435,3,1,1238,Adelaide,SA,1995,House,2,3527
2439919,3,2,3021,Sydney,NSW,1995,House,2,6543
1862408,2,3,2121,Melbourne,VIC,1999,House,0,5774
2373920,3,2,2979,Sydney,NSW,2020,House,0,4824
1288828,2,2,1560,Perth,WA,2006,Apartment,1,4184
2388292,3,3,3090,Melbourne,VIC,2018,House,0,6909
2026099,4,2,2465,Sydney,NSW,1992,Apartment,1,3717
1711886,2,2,2331,Brisbane,QLD,1983,House,2,4289
2036091,3,2,2140,Sydney,NSW,2011,House,2,3832
1812176,2,2,1850,Melbourne,VIC,2019,House,2,4863
2051487,3,3,2720,Brisbane,QLD,2013,House,1,6027
1976203,3,2,2084,Sydney,NSW,2018,House,1,3625
1448023,3,4,819,Melbourne,VIC,2022,Townhouse,1,1545
1347007,3,1,1329,Melbourne,VIC,1996,Apartment,1,2999
1594264,5,4,1888,Adelaide,SA,2003,Apartment,2,2888
1536123,3,2,2185,Adelaide,SA,2008,Apartment,0,4669
1654039,3,2,1966,Brisbane,QLD,2007,House,1,4948
1834441,3,1,2731,Perth,WA,2001,Townhouse,2,6218
1145654,5,2,829,Brisbane,QLD,2007,Townhouse,0,1988
1777272,4,3,2086,Perth,WA,2004,House,2,4151
1301555,3,3,909,Melbourne,VIC,2020,Townhouse,0,1613
1789174,4,1,2455,Brisbane,QLD,1982,House,2,6666
1559065,3,2,1943,Perth,WA,1992,House,1,5554
1655675,4,1,2251,Adelaide,SA,2010,House,0,5102
1760214,4,4,1481,Sydney,NSW,1992,Townhouse,0,2900
2301685,2,3,2767,Sydney,NSW,2020,Apartment,2,6273
1652996,4,1,2625,Adelaide,SA,1997,Apartment,2,7398
2073325,3,3,2350,Melbourne,VIC,2016,House,1,5962
1666377,3,4,1922,Adelaide,SA,2022,House,2,5359
1801721,3,2,2347,Brisbane,QLD,2013,Townhouse,2,4678
1391559,4,3,1575,Perth,WA,1996,House,0,4046
2078921,3,2,2513,Melbourne,VIC,2000,House,1,6231
2320169,1,2,2989,Sydney,NSW,2015,House,1,7047
2304277,4,2,2642,Melbourne,VIC,2019,House,1,6057
1174002,2,2,1562,Perth,WA,1998,Apartment,0,3634
1560900,2,2,2216,Brisbane,QLD,1991,Apartment,1,6150
1480961,3,1,1224,Melbourne,VIC,2007,House,1,3518
1856111,3,3,2343,Brisbane,QLD,1990,House,1,3911
1765722,3,2,2270,Brisbane,QLD,2016,House,1,5342
993006,1,2,878,Adelaide,SA,2007,House,2,2526
1700244,5,3,1302,Sydney,NSW,2014,Apartment,0,2217
1974040,4,2,1830,Sydney,NSW,2023,House,2,3878
1744790,3,2,1819,Melbourne,VIC,1994,House,1,2972
1570688,3,4,1274,Melbourne,VIC,1995,House,0,2128
1632422,3,3,2233,Adelaide,SA,1986,House,2,6378
1791611,3,1,2150,Sydney,NSW,1982,Apartment,1,4665
1449902,2,2,1883,Adelaide,SA,2010,House,1,4770
1300369,2,4,1546,Adelaide,SA,1991,House,0,2642
2252898,4,2,2629,Sydney,NSW,1987,House,1,4030
1920971,3,2,2993,Perth,WA,2004,Apartment,1,8488
1625597,3,1,1709,Melbourne,VIC,2023,Townhouse,1,4038
1491339,4,1,1632,Brisbane,QLD,2014,House,0,2498
2112786,3,3,2294,Sydney,NSW,1991,Townhouse,2,6857
1468282,3,3,1785,Adelaide,SA,2000,Apartment,2,3995
1779070,3,4,1916,Brisbane,QLD,2005,House,1,4242
1541591,1,3,2443,Perth,WA,1981,Apartment,1,5941
1108437,4,2,854,Brisbane,QLD,1993,House,0,1291
2000377,3,1,2790,Melbourne,VIC,1983,Townhouse,2,6569
2039155,4,4,2043,Sydney,NSW,1996,House,0,4995
1803485,5,2,1753,Sydney,NSW,1984,House,0,3410
1864549,5,2,1946,Melbourne,VIC,2003,Townhouse,1,5041
1828712,5,4,1977,Perth,WA,1986,House,2,4085
1500520,3,2,961,Sydney,NSW,2002,House,1,2476
1771746,3,2,2896,Adelaide,SA,1996,Apartment,0,4970
1496908,3,3,2024,Perth,WA,1991,Apartment,1,5812
1895238,3,4,2265,Melbourne,VIC,1990,Apartment,1,6387
2192799,4,1,2570,Sydney,NSW,1990,House,1,4437
1333876,3,3,1387,Adelaide,SA,2013,House,1,4033
2273755,5,2,2284,Sydney,NSW,2016,House,2,5337
1861814,4,2,1839,Melbourne,VIC,2008,House,1,4695
2445880,5,4,2508,Sydney,NSW,2015,House,1,6923
1084446,4,4,800,Adelaide,SA,2006,House,1,1300
1683068,3,2,1940,Brisbane,QLD,2021,House,1,3403
1613217,2,2,1638,Melbourne,VIC,2001,House,1,3171
1785622,2,1,2259,Sydney,NSW,1981,House,0,5006
1943359,3,2,2282,Melbourne,VIC,2015,Apartment,1,4607
1721874,3,1,1575,Sydney,NSW,2009,House,1,3558
1399262,4,2,1572,Perth,WA,1986,House,2,2797
1725647,4,1,1933,Melbourne,VIC,1991,House,0,4878
1367593,3,2,1462,Brisbane,QLD,1982,House,2,2315
2053720,1,1,2505,Sydney,NSW,1996,House,1,5116
1754093,2,3,1778,Melbourne,VIC,2020,House,1,3145
1202333,2,2,800,Sydney,NSW,2011,Apartment,0,2075
1445195,3,2,1775,Perth,WA,1987,House,1,5015
1509824,3,3,1376,Brisbane,QLD,2002,House,2,2228
1503597,1,3,1021,Sydney,NSW,2017,House,2,2734
1609492,3,2,1257,Sydney,NSW,2009,House,1,3575
1486938,2,1,2065,Perth,WA,1994,House,1,6116
2235835,3,3,2797,Sydney,NSW,1989,Apartment,2,6626
1995224,3,2,2187,Melbourne,VIC,2017,House,2,4356
1667116,3,3,1636,Melbourne,VIC,1994,Apartment,2,3244
2065180,3,2,2273,Sydney,NSW,2009,House,1,4702
1770512,5,2,1724,Melbourne,VIC,2005,Apartment,2,4171
1611463,3,2,1583,Melbourne,VIC,1993,House,0,3539
1471450,3,3,1307,Melbourne,VIC,1982,House,1,3242
1511598,4,4,948,Melbourne,VIC,2015,House,0,1479
1389788,3,1,1766,Perth,WA,2005,House,1,2929
1956709,5,2,2094,Sydney,NSW,1993,Apartment,1,6210
1733390,3,1,1942,Melbourne,VIC,2010,House,0,5812
1686673,3,2,1750,Sydney,NSW,1993,Apartment,1,4586
1359940,2,3,1432,Perth,WA,2019,House,1,2699
2069651,3,2,2364,Sydney,NSW,1989,House,1,6929
1204837,3,4,1209,Brisbane,QLD,1988,Townhouse,0,2202
1848230,2,2,2465,Brisbane,QLD,2019,House,1,6403
1400217,3,4,1398,Perth,WA,2022,Apartment,2,2339
1762587,3,3,1548,Melbourne,VIC,2021,House,1,3830
1313097,2,1,1119,Melbourne,VIC,1997,House,1,2955
1511863,3,2,1699,Perth,WA,2015,House,2,4739
1999022,3,2,2585,Melbourne,VIC,2015,Townhouse,0,6725
1631113,2,1,2309,Perth,WA,1991,House,2,6663
2145407,3,2,2587,Sydney,NSW,2019,Apartment,1,5902
2000859,4,2,2313,Melbourne,VIC,1982,Townhouse,2,5820
1359164,3,4,1337,Perth,WA,1997,Townhouse,1,2748
1414099,3,2,1801,Perth,WA,1986,Townhouse,2,2730
1238622,3,3,1531,Perth,WA,2010,Apartment,0,4036
2095851,3,4,2798,Brisbane,QLD,1980,House,2,7848
1330903,5,3,1281,Adelaide,SA,2010,Townhouse,1,2257
2076797,3,2,2536,Sydney,NSW,1992,Townhouse,1,3913
2130938,2,2,2535,Sydney,NSW,2008,House,0,4429
2420417,3,2,3097,Sydney,NSW,1982,House,2,8806
1528823,4,2,1754,Adelaide,SA,2008,House,1,3408
1996227,2,2,2427,Melbourne,VIC,2014,House,0,4492
2352997,5,3,3368,Brisbane,QLD,1994,House,0,5127
1803763,5,2,1629,Sydney,NSW,2000,Apartment,1,3170
1352703,2,2,1078,Sydney,NSW,1998,Apartment,1,2776
1279580,5,4,871,Brisbane,QLD,2007,Apartment,1,2562
1966103,3,1,2427,Melbourne,VIC,1983,House,2,4780
1498372,4,2,870,Sydney,NSW,1992,House,1,1619
1703037,3,3,1776,Melbourne,VIC,1994,Townhouse,2,5031
1939057,3,1,2262,Sydney,NSW,2018,Apartment,1,6286
1850327,3,2,2111,Melbourne,VIC,2011,Apartment,2,4205
1954492,4,2,2255,Sydney,NSW,1982,Apartment,1,3615
1508539,1,3,2133,Brisbane,QLD,2009,Apartment,1,6374
2189984,3,2,2767,Sydney,NSW,1999,Townhouse,1,6976
1456982,2,2,1428,Melbourne,VIC,1981,House,1,4128
1782898,3,2,1593,Sydney,NSW,2004,House,2,3208
1489927,3,1,1536,Melbourne,VIC,1990,House,1,3797
1923212,3,2,2498,Melbourne,VIC,1980,Apartment,2,6274
1743703,3,2,2540,Brisbane,QLD,1989,Townhouse,1,7136
1697859,2,2,2270,Brisbane,QLD,1996,House,1,6788
1825382,2,2,2710,Adelaide,SA,2009,House,1,4506
1160950,1,2,1293,Adelaide,SA,2014,House,1,3163
1980402,3,2,3000,Brisbane,QLD,1998,Townhouse,0,6014
2208065,5,2,2913,Brisbane,QLD,2013,House,2,7918
1747234,2,2,2441,Brisbane,QLD,2011,House,2,6423
2188377,5,1,3069,Brisbane,QLD,1991,House,1,8712
1325918,4,3,1006,Brisbane,QLD,2022,Townhouse,2,2027
1659430,3,3,1685,Melbourne,VIC,1996,House,1,2994
1633492,3,2,1558,Melbourne,VIC,1985,House,1,2389
2078116,4,2,2432,Melbourne,VIC,1992,House,1,4581
1247057,2,2,1369,Brisbane,QLD,2018,Apartment,0,2809
2010346,3,2,2454,Melbourne,VIC,2001,House,0,7164
2289984,3,2,2822,Sydney,NSW,1990,House,1,6313
1870449,3,1,2417,Melbourne,VIC,1986,House,0,5643
1697960,4,3,2170,Adelaide,SA,2000,House,0,6120
1411354,2,1,1407,Sydney,NSW,1980,Apartment,0,3979
1413245,3,2,1491,Brisbane,QLD,2009,House,0,3419
1860708,3,3,2749,Adelaide,SA,1998,House,0,4593
1925117,3,2,2467,Melbourne,VIC,2008,Apartment,1,4702
1535804,3,1,1976,Perth,WA,2014,Apartment,2,4319
1525921,3,4,1749,Perth,WA,1999,House,0,4594
1408067,4,3,800,Melbourne,VIC,2015,House,0,2054
1625488,3,3,1357,Sydney,NSW,2018,Apartment,2,3344
2344532,4,2,3146,Sydney,NSW,1980,House,0,8875
1422839,3,1,1231,Melbourne,VIC,2002,Townhouse,2,3330
1484183,2,4,2113,Adelaide,SA,2010,Apartment,0,6284
2090291,2,2,2604,Sydney,NSW,2014,Apartment,1,7380
1072772,2,3,1247,Adelaide,SA,2001,Apartment,0,2236
1920861,3,2,2110,Sydney,NSW,1986,House,1,3348
1866246,3,2,2562,Adelaide,SA,2012,House,2,5437
2094866,4,4,2007,Sydney,NSW,2015,House,0,4870
2562031,4,2,3721,Brisbane,QLD,2023,Apartment,2,9171
1211641,2,1,998,Sydney,NSW,1986,Apartment,1,1899
2252920,3,2,2635,Sydney,NSW,2006,House,2,7351
1672694,3,2,1896,Sydney,NSW,1981,Apartment,0,3781
2071350,3,1,2463,Sydney,NSW,1996,House,0,7090
1914289,2,2,2264,Sydney,NSW,1980,House,1,4999
1581255,2,2,1560,Melbourne,VIC,2009,House,0,2364
2105886,5,3,2137,Melbourne,VIC,2001,House,2,3725
1111233,4,2,885,Brisbane,QLD,2007,Apartment,1,1463
1916890,2,4,2361,Brisbane,QLD,2012,House,1,3698
1581321,3,1,2178,Brisbane,QLD,2005,House,0,5601
1698426,3,2,2383,Perth,WA,2014,Apartment,1,4262
1806611,4,1,2634,Perth,WA,1990,Townhouse,1,7266
1989065,3,3,2220,Melbourne,VIC,1986,House,2,4211
1787001,2,4,2088,Melbourne,VIC,2007,Apartment,1,3234
1719926,4,3,1471,Melbourne,VIC,2004,House,2,4018
1746047,3,2,1572,Melbourne,VIC,2020,House,2,3458
2150355,3,2,2712,Melbourne,VIC,2010,House,2,6506
2097923,3,3,2861,Melbourne,VIC,1982,Apartment,1,5736
1864802,3,4,1857,Sydney,NSW,2012,Apartment,1,2913
2047200,3,4,2027,Sydney,NSW,2013,House,0,4167
1421038,3,2,1457,Brisbane,QLD,2000,House,2,3318
2446015,3,4,2703,Sydney,NSW,2016,House,2,4102
1767646,1,1,2399,Sydney,NSW,1998,Apartment,0,5665
2470091,4,2,3164,Sydney,NSW,2016,Apartment,1,8986
1422963,2,1,1473,Melbourne,VIC,2000,Apartment,2,2690
1521174,1,2,1773,Melbourne,VIC,1993,House,0,5124
1902335,3,3,2138,Melbourne,VIC,1989,House,0,3521
2233529,4,3,2387,Sydney,NSW,1986,House,2,6538
2026629,4,3,1870,Sydney,NSW,2008,House,2,5163
1767669,3,2,1476,Sydney,NSW,2019,House,2,2785
1956840,3,2,2528,Melbourne,VIC,1987,Townhouse,0,7426
2040346,4,3,2432,Melbourne,VIC,2018,Apartment,1,5169
1219827,3,2,1450,Brisbane,QLD,1992,Apartment,1,2482
2254371,3,3,2813,Melbourne,VIC,1998,House,1,6716
2290404,5,2,2702,Melbourne,VIC,1990,House,1,8092
1771128,2,2,2080,Melbourne,VIC,1981,House,2,5927
1951799,5,2,2047,Melbourne,VIC,1985,House,2,3927
1807006,4,3,2332,Adelaide,SA,2008,House,1,5517
1643133,3,2,1482,Sydney,NSW,2020,Townhouse,0,2481
1857285,5,2,2018,Sydney,NSW,1984,Apartment,0,4425
1541607,4,3,800,Sydney,NSW,2020,House,1,1827
1749267,2,2,2525,Perth,WA,2009,House,0,4983
1233210,3,3,1063,Adelaide,SA,2018,House,1,2366
1975667,2,2,2902,Perth,WA,2015,House,1,8357
1733997,3,2,1801,Melbourne,VIC,2006,Townhouse,2,4054
1455621,4,3,1872,Adelaide,SA,1997,Apartment,1,5144
1770232,3,2,1623,Sydney,NSW,2015,House,1,3207
1538267,3,2,1827,Brisbane,QLD,1995,House,2,5403
1820056,3,2,2851,Adelaide,SA,1984,House,1,4676
1072952,4,2,800,Brisbane,QLD,1988,Apartment,2,1902
2176311,1,2,2766,Sydney,NSW,2013,House,1,7426
1762177,3,1,2202,Brisbane,QLD,2013,House,2,5993
1617682,2,3,1275,Sydney,NSW,2015,House,1,2293
1717468,3,3,1354,Sydney,NSW,2010,House,1,2848
1959461,2,1,3005,Brisbane,QLD,1999,House,1,7323
1749916,3,2,1432,Sydney,NSW,1996,House,2,2827
1601305,3,2,1307,Sydney,NSW,1999,House,1,3253
2033340,2,1,2682,Melbourne,VIC,2007,House,0,5547
1799502,5,2,2203,Brisbane,QLD,2000,House,1,4464
1591377,1,2,1437,Sydney,NSW,1998,House,1,2388
1899368,3,2,2129,Sydney,NSW,1982,Townhouse,1,3320
1232417,1,2,1384,Perth,WA,2009,House,2,3811
2201132,3,2,2660,Sydney,NSW,1984,House,2,5944
2265342,3,3,2636,Melbourne,VIC,2021,House,1,6181
1666565,3,3,2319,Adelaide,SA,1985,House,0,4773
1806568,2,2,2216,Melbourne,VIC,1982,House,1,3780
2432728,3,3,3056,Sydney,NSW,2021,Townhouse,1,6646
1871192,3,2,1999,Melbourne,VIC,2003,House,1,3686
1455738,4,3,1290,Brisbane,QLD,2023,Townhouse,2,3558
1641424,3,2,2269,Brisbane,QLD,1980,Townhouse,1,6764
2171137,3,3,3251,Brisbane,QLD,2015,Townhouse,0,9213
1671424,3,2,1391,Sydney,NSW,1994,House,2,3189
1909532,3,2,1783,Sydney,NSW,2020,House,0,4354
1791143,2,2,2249,Melbourne,VIC,2017,Apartment,0,6574
1767600,3,2,1967,Brisbane,QLD,2023,House,2,4541
1510114,3,2,1410,Melbourne,VIC,1997,House,1,3467
2086902,3,2,2673,Sydney,NSW,2002,Apartment,1,6532
2287900,3,3,3392,Brisbane,QLD,2008,Townhouse,1,8690
1799878,5,2,2117,Brisbane,QLD,2020,House,0,5210
1278193,2,2,1457,Perth,WA,2001,House,1,3652
1357194,3,2,1070,Melbourne,VIC,2003,House,1,2771
1974689,4,4,2154,Melbourne,VIC,1992,House,1,5847
2214474,3,3,2662,Melbourne,VIC,2012,House,1,5603
1736762,3,3,2285,Brisbane,QLD,2001,Apartment,2,5984
1561297,3,2,1998,Brisbane,QLD,2014,Apartment,1,3298
1368944,1,2,1646,Brisbane,QLD,1996,Townhouse,2,4633
1642401,3,1,1344,Sydney,NSW,2001,House,2,2602
1971727,4,2,2500,Brisbane,QLD,1984,House,2,5264
1820991,1,1,2548,Melbourne,VIC,2004,Apartment,1,6894
1102503,3,2,1072,Perth,WA,1985,Townhouse,1,2633
2376758,4,2,2953,Sydney,NSW,1996,Townhouse,1,5798
2199833,4,2,2344,Sydney,NSW,2010,House,2,4309
2230708,3,2,2839,Sydney,NSW,1996,Townhouse,1,8339
1682983,3,3,1194,Sydney,NSW,2012,House,2,1949
1537459,3,1,1180,Sydney,NSW,2018,Townhouse,1,1778
1796060,2,3,1910,Sydney,NSW,2016,Apartment,0,4794
1837165,3,1,2301,Melbourne,VIC,1983,House,1,5573
2292393,3,1,3077,Sydney,NSW,2022,Townhouse,0,8022
1742047,5,1,2423,Perth,WA,1993,House,0,6295
1783606,2,3,1854,Sydney,NSW,1992,Townhouse,2,5182
1142427,3,2,1384,Adelaide,SA,2006,Apartment,1,3990
1834891,3,3,2738,Perth,WA,2003,Apartment,1,7290
1721177,3,2,1421,Sydney,NSW,2006,House,1,2626
2114772,1,1,2977,Sydney,NSW,1987,House,1,6535
1869375,3,3,1829,Sydney,NSW,2018,Townhouse,0,4504
2377863,4,1,2954,Melbourne,VIC,2000,House,2,6821
1865923,3,3,2407,Brisbane,QLD,2020,Apartment,2,4184
1655720,3,1,1917,Melbourne,VIC,1990,Apartment,2,4571
1686599,3,2,1688,Sydney,NSW,2010,Apartment,0,4777
1661653,3,3,1795,Melbourne,VIC,2006,Apartment,1,3820
2161645,3,4,2256,Melbourne,VIC,2021,House,2,5650
1598889,4,2,2046,Adelaide,SA,2006,House,0,4960
1659449,5,3,1643,Melbourne,VIC,1987,Apartment,0,3395
1800601,3,1,1900,Sydney,NSW,2012,Townhouse,2,4462
1971017,3,3,2047,Sydney,NSW,1991,Apartment,2,3716
1199120,4,2,800,Brisbane,QLD,2014,House,1,1855
1806027,3,1,2274,Melbourne,VIC,2013,Townhouse,0,6138
1520333,3,2,1412,Sydney,NSW,1995,Apartment,1,3725
1590279,3,1,1308,Sydney,NSW,2015,House,1,2664
1325047,4,2,987,Melbourne,VIC,1981,Apartment,1,1647
1014933,3,2,923,Brisbane,QLD,1991,Apartment,1,2493
1538324,4,2,1186,Sydney,NSW,2006,Apartment,1,2251
1510668,4,4,1574,Brisbane,QLD,1996,Apartment,2,2487
2375144,3,1,3171,Melbourne,VIC,1999,House,2,6876
1780349,4,2,1684,Melbourne,VIC,2000,House,1,4395
1679595,4,2,2106,Brisbane,QLD,2009,House,0,5714
2098113,3,4,2240,Melbourne,VIC,2021,House,1,6661
1555925,2,2,2078,Brisbane,QLD,1999,House,0,3708
1621473,1,2,1953,Melbourne,VIC,1987,House,1,3791
1120815,3,2,1282,Adelaide,SA,1997,Apartment,2,3097
2203997,3,2,2870,Melbourne,VIC,1997,House,1,7799
2088707,3,1,3084,Melbourne,VIC,1997,Apartment,0,5709
1367457,2,2,990,Sydney,NSW,1981,House,1,2094
1604633,4,1,1385,Sydney,NSW,1991,House,0,2927
1562982,3,2,1832,Brisbane,QLD,2011,House,0,4872
1618537,3,2,1421,Sydney,NSW,2021,Apartment,1,2645
1563125,3,2,2303,Adelaide,SA,1987,House,1,6802
1628950,3,1,1563,Sydney,NSW,1989,House,1,3541
2413009,3,4,3299,Melbourne,VIC,1990,House,0,6344
1975362,3,3,2714,Brisbane,QLD,1993,House,1,5228
1499572,2,1,2127,Perth,WA,2005,Townhouse,1,3249
2290984,4,2,2616,Sydney,NSW,2009,Apartment,2,6641
1884415,4,2,2663,Adelaide,SA,2021,House,0,7095
1320567,3,1,1661,Adelaide,SA,1983,House,2,2573
1428862,4,2,1510,Adelaide,SA,2018,House,1,3592
1574305,4,2,2046,Perth,WA,1990,Apartment,1,5470
1868240,2,4,2516,Perth,WA,2003,House,1,5195
1929625,5,3,2083,Melbourne,VIC,2001,Apartment,1,4477
1058935,4,2,1053,Perth,WA,1982,Apartment,1,2152
1631674,3,2,1518,Melbourne,VIC,2016,House,0,2996
1755193,2,4,1955,Melbourne,VIC,1981,Apartment,2,4374
1833619,2,4,1954,Melbourne,VIC,1991,House,0,3418
2150575,2,4,3183,Adelaide,SA,2000,House,1,6879
1494897,4,1,1168,Sydney,NSW,1984,House,1,3403
1579383,3,1,2303,Perth,WA,1986,House,1,3549
2243592,4,2,2893,Sydney,NSW,1983,Apartment,2,5055
2516493,4,2,3362,Melbourne,VIC,2022,Apartment,2,8967
1764618,3,1,1757,Sydney,NSW,2020,Townhouse,0,2984
1950370,3,1,2294,Melbourne,VIC,2015,House,1,4376
1628069,1,3,2341,Adelaide,SA,2001,House,2,5110
1912802,3,3,2117,Melbourne,VIC,2008,House,1,6171
1514881,3,2,1940,Brisbane,QLD,1988,Apartment,1,3445
2018160,1,3,2261,Sydney,NSW,2005,House,2,6523
796712,1,2,800,Adelaide,SA,1991,House,1,2062
1773375,4,3,2409,Perth,WA,1980,House,0,6039
1865171,3,2,2075,Melbourne,VIC,1987,House,2,5366
1822476,3,1,1866,Melbourne,VIC,2012,House,2,2887
2335852,3,2,3228,Melbourne,VIC,1983,House,2,5321
1721659,4,2,1595,Melbourne,VIC,1993,House,1,3193
1924672,3,2,1758,Sydney,NSW,2008,House,2,2832
1919490,1,1,3194,Adelaide,SA,1993,House,2,9525
1497530,5,4,1500,Perth,WA,1988,Apartment,2,3557
1769835,3,2,1669,Sydney,NSW,1988,House,1,3725
1417296,2,1,1911,Adelaide,SA,2005,House,2,5120
2078355,3,2,2504,Sydney,NSW,2021,Apartment,1,7426
1876437,4,2,2124,Melbourne,VIC,1996,House,0,6231
1428269,3,2,1224,Melbourne,VIC,2020,Townhouse,1,3293
1839496,3,3,1680,Sydney,NSW,1983,House,2,3471
1799991,3,2,1635,Sydney,NSW,1982,House,2,2615
2067358,5,2,1953,Sydney,NSW,2008,House,2,3218
1593121,2,3,2255,Brisbane,QLD,2004,Apartment,0,3387
1585352,3,1,2250,Adelaide,SA,2000,House,1,3382
1305372,5,2,934,Brisbane,QLD,1991,House,1,2714
2073628,2,3,2638,Melbourne,VIC,1980,House,2,7626
1901766,5,1,2151,Melbourne,VIC,1980,House,0,5381
2322907,5,2,2830,Melbourne,VIC,1986,House,2,7331
1731839,4,4,2266,Perth,WA,1989,House,1,5144
2034317,3,2,2660,Melbourne,VIC,1994,Apartment,2,4940
2139346,3,2,2279,Sydney,NSW,2019,House,1,6546
2308610,4,4,2807,Sydney,NSW,1990,Apartment,1,5381
1802374,5,1,2313,Adelaide,SA,2002,House,2,6036
1861549,2,1,1941,Sydney,NSW,1992,House,2,3626
2187091,4,3,3363,Adelaide,SA,2006,Townhouse,0,9435
2120981,3,3,2533,Sydney,NSW,2020,Apartment,0,6274
1774238,2,2,2344,Brisbane,QLD,1996,House,2,5776
1476027,3,2,1234,Melbourne,VIC,1992,House,1,2031
1324277,4,3,1227,Perth,WA,1991,Townhouse,2,2612
1920246,3,3,2175,Melbourne,VIC,2008,Townhouse,1,4976
1885024,3,2,2087,Sydney,NSW,2000,Apartment,2,4051
1747321,5,1,1631,Sydney,NSW,1999,Apartment,1,4603
1922141,3,2,2084,Melbourne,VIC,1999,House,2,5746
1973003,3,3,2953,Perth,WA,2010,Townhouse,0,6616
1782475,3,3,2417,Brisbane,QLD,1987,House,1,4858
1327225,3,4,1315,Perth,WA,2003,House,0,3554
1864591,3,3,1933,Sydney,NSW,1990,Townhouse,2,3470
1818587,5,2,1517,Melbourne,VIC,2018,House,2,2438
1484648,3,2,1767,Adelaide,SA,2012,House,1,2772
1631186,4,3,1751,Brisbane,QLD,2021,House,1,2729
1722344,2,3,1713,Sydney,NSW,1994,Apartment,2,3826
1292467,3,2,1246,Brisbane,QLD,1983,House,2,2347
1457806,3,1,1923,Brisbane,QLD,1980,House,1,4876
1742080,1,4,1663,Melbourne,VIC,2011,House,2,4127
1435096,3,2,800,Sydney,NSW,1990,House,2,1850
2424272,3,2,3231,Sydney,NSW,2009,Apartment,1,6558
1813683,1,2,2653,Adelaide,SA,2016,House,1,7364
1824895,3,2,1774,Sydney,NSW,1998,House,1,4550
1950174,3,2,2011,Melbourne,VIC,2015,House,2,3836
1463634,3,3,1297,Brisbane,QLD,2013,House,1,2921
2221085,5,2,3017,Brisbane,QLD,1986,House,2,5233
2001861,3,1,3138,Adelaide,SA,1999,House,0,6255
1999004,3,2,2094,Sydney,NSW,1991,House,2,6273
2193052,5,3,2614,Brisbane,QLD,2011,House,2,4798
1986796,4,4,2105,Sydney,NSW,1981,Townhouse,1,5362
1523926,3,3,1197,Sydney,NSW,2001,Apartment,1,2225
1952922,2,4,1752,Sydney,NSW,2020,House,0,5096
1658016,3,1,2079,Brisbane,QLD,2019,House,2,4085
1483171,3,1,1727,Brisbane,QLD,2003,House,2,3489
1866207,4,2,1868,Melbourne,VIC,2010,Townhouse,1,4467
1871102,4,2,1945,Sydney,NSW,1983,House,0,4633
1663909,3,3,1951,Brisbane,QLD,2003,House,1,4622
2097586,5,2,2031,Sydney,NSW,2022,Townhouse,1,4793
1769247,3,4,1363,Sydney,NSW,1996,House,1,2684
1622324,2,2,1569,Melbourne,VIC,2019,House,1,3377
1487938,4,2,1229,Melbourne,VIC,1998,House,1,2938
2123203,3,2,2586,Melbourne,VIC,2019,House,1,6484
1184171,4,2,800,Brisbane,QLD,2017,House,1,1503
2345216,5,2,2692,Sydney,NSW,2013,Townhouse,2,6870
1964490,3,2,2831,Perth,WA,2012,House,1,8169
1603684,3,2,1818,Melbourne,VIC,1985,Apartment,1,4795
1309539,3,2,800,Sydney,NSW,2015,Townhouse,0,1301
1411417,3,1,1783,Brisbane,QLD,1992,Apartment,1,3929
1704547,3,2,1961,Melbourne,VIC,1988,Apartment,2,4222
1253278,3,2,1393,Brisbane,QLD,2014,Townhouse,0,2793
1575117,4,1,1690,Brisbane,QLD,2013,House,1,3782
1984831,3,2,2918,Adelaide,SA,1995,House,0,6301
1570628,2,2,2398,Adelaide,SA,1997,Townhouse,1,3620
1579064,3,2,1445,Melbourne,VIC,1997,House,1,2680
1458756,4,1,1041,Melbourne,VIC,2017,House,0,1896
1856390,3,2,1803,Sydney,NSW,2022,House,0,3650
1551605,3,2,1871,Perth,WA,2011,Apartment,2,3297
1973833,4,2,2297,Sydney,NSW,1986,Townhouse,1,3680
1537912,3,3,1678,Brisbane,QLD,2002,House,1,3013
2089649,3,2,2306,Sydney,NSW,2002,House,2,6416
2469553,4,2,3161,Sydney,NSW,1997,House,1,8520
2014508,2,3,2489,Sydney,NSW,1986,Apartment,2,5384
2155407,5,2,1971,Sydney,NSW,2021,House,2,5552
1955179,2,3,1890,Sydney,NSW,2019,House,1,3494
1643960,1,2,1785,Melbourne,VIC,2003,House,1,4244
2043602,4,2,2708,Melbourne,VIC,1993,Apartment,1,4643
1619156,3,3,1623,Melbourne,VIC,1984,Apartment,2,4465
1851628,4,1,2027,Melbourne,VIC,2001,House,1,3437
1829374,4,2,2030,Melbourne,VIC,2001,Apartment,2,3143
1504964,4,2,1698,Perth,WA,1989,House,2,3245
1484403,5,2,1176,Brisbane,QLD,2005,House,2,3354
2030937,3,2,2193,Sydney,NSW,1994,House,2,3716
2087453,4,2,1963,Sydney,NSW,2017,House,2,3918
2086038,2,3,2300,Melbourne,VIC,2020,House,2,4541
1485338,3,3,1679,Adelaide,SA,2021,House,0,4539
2285903,4,2,2732,Sydney,NSW,1980,House,2,5826
1500181,3,4,1473,Brisbane,QLD,1993,House,2,3563
2445479,3,2,3027,Sydney,NSW,2015,House,1,6377
1331514,3,2,951,Melbourne,VIC,2010,House,0,2214
1792841,3,3,2260,Brisbane,QLD,2007,House,1,3603
2030342,5,3,2285,Melbourne,VIC,2013,Apartment,0,4710
1623033,2,3,1522,Melbourne,VIC,2014,House,1,4237
1535635,3,1,2254,Adelaide,SA,2018,Apartment,1,5719
2373243,4,2,2767,Sydney,NSW,2002,House,2,8227
1332348,3,3,800,Melbourne,VIC,2023,Townhouse,1,2145
1932061,2,2,2301,Melbourne,VIC,1998,House,2,5011
928071,3,2,800,Adelaide,SA,1997,House,0,2011
1312567,3,2,1420,Brisbane,QLD,1994,Apartment,1,3784
2352933,2,3,2977,Sydney,NSW,1980,House,1,5670
1432152,4,2,1650,Adelaide,SA,2004,House,1,2625
1594335,3,2,1295,Sydney,NSW,2005,Townhouse,2,2732
1961831,5,1,1881,Sydney,NSW,2014,Townhouse,2,3230
2377502,4,2,3240,Melbourne,VIC,1994,Apartment,2,6208
1131382,3,3,900,Brisbane,QLD,1983,House,1,2631
1098621,1,1,1369,Brisbane,QLD,1994,Apartment,2,3793
2321025,3,2,2898,Melbourne,VIC,2021,House,1,6923
2196548,2,2,3114,Melbourne,VIC,2017,Townhouse,0,6546
1548246,5,1,1937,Adelaide,SA,2018,Apartment,2,3675
1122227,2,2,1256,Perth,WA,1980,House,2,2961
2136849,3,1,3257,Brisbane,QLD,2001,House,1,7491
2271604,3,2,2956,Sydney,NSW,1990,Apartment,2,7897
1755658,3,2,2407,Perth,WA,2017,Apartment,2,6962
1446242,3,3,1512,Brisbane,QLD,2016,Apartment,1,3015
1495535,3,3,1970,Adelaide,SA,2005,Townhouse,1,3565
1835742,2,2,1903,Sydney,NSW,2006,House,2,4005
1628037,2,1,2198,Brisbane,QLD,1992,House,2,4740
1874252,3,4,2870,Adelaide,SA,1986,Apartment,1,4477
2114079,4,2,2527,Melbourne,VIC,1987,House,1,7058
1237554,3,1,1353,Brisbane,QLD,2002,Townhouse,1,4051
1905053,3,3,2825,Adelaide,SA,2005,Apartment,1,8152
1919358,3,2,2187,Melbourne,VIC,2023,Townhouse,1,6106
1818027,3,2,2412,Brisbane,QLD,2006,House,1,7209
2431245,5,2,2879,Sydney,NSW,1988,House,1,8241
1575340,2,2,1333,Melbourne,VIC,2017,House,2,3376
1964915,3,3,1978,Sydney,NSW,1992,House,2,3462
1760840,4,2,1681,Sydney,NSW,1986,Apartment,2,2915
1239911,4,1,1059,Brisbane,QLD,1990,House,2,1666
1969058,2,4,2208,Sydney,NSW,1989,Apartment,2,4676
2377705,3,4,3506,Adelaide,SA,2012,House,1,9515
1430934,4,2,895,Melbourne,VIC,2018,Apartment,2,2002
1349887,2,2,1980,Brisbane,QLD,1982,Apartment,0,4059
2127598,4,1,2384,Sydney,NSW,2020,Townhouse,1,3967
2099416,4,3,2073,Sydney,NSW,2008,House,1,3271
1943992,4,1,1932,Sydney,NSW,2016,House,1,4055
1390554,2,1,1220,Sydney,NSW,1995,Townhouse,1,2013
1674868,4,2,2139,Perth,WA,1995,House,2,3541
1436965,3,1,1545,Brisbane,QLD,2023,House,0,3235
1119643,4,1,800,Perth,WA,2022,Townhouse,2,1803
1732887,1,2,2716,Brisbane,QLD,1986,House,1,4835
1735189,1,1,2575,Brisbane,QLD,1994,House,2,6506
1855038,3,1,2030,Melbourne,VIC,2017,House,1,4322
1862497,2,1,2137,Sydney,NSW,1985,House,1,3500
1803173,3,2,2644,Brisbane,QLD,1997,Apartment,1,6493
2147163,5,3,2134,Sydney,NSW,1998,House,1,4344
1938115,3,3,2542,Melbourne,VIC,1981,Apartment,0,4013
1835256,4,2,1821,Sydney,NSW,1982,House,1,5322
2026141,1,2,2787,Melbourne,VIC,2004,Townhouse,0,6568
1954711,2,1,2192,Sydney,NSW,2015,House,1,4859
1779213,1,1,2116,Sydney,NSW,2007,Apartment,2,5902
1478516,3,2,1237,Melbourne,VIC,2017,Townhouse,0,3596
2047758,5,2,2172,Sydney,NSW,2007,Apartment,1,3976
1809104,2,3,1500,Sydney,NSW,2011,House,2,4075
1669529,3,2,1617,Melbourne,VIC,2020,House,1,4441
1689467,3,2,1510,Melbourne,VIC,2015,House,1,2389
1347117,5,1,1360,Perth,WA,2018,Apartment,1,3493
2377090,2,3,3274,Melbourne,VIC,2015,House,1,5221
1855758,3,2,2798,Perth,WA,2022,Apartment,0,6694
2336683,1,3,3152,Sydney,NSW,2002,Townhouse,1,7892
1467138,3,2,1266,Melbourne,VIC,1981,House,1,2596
1945559,3,3,2042,Melbourne,VIC,1989,House,2,5762
1630856,4,4,1223,Sydney,NSW,1985,Townhouse,2,3305
1845559,3,4,1582,Sydney,NSW,1987,House,2,4571
1335908,3,2,1449,Brisbane,QLD,1994,House,1,2858
1867413,3,2,2743,Brisbane,QLD,2008,Apartment,1,4204
1808050,2,2,1762,Sydney,NSW,2007,House,1,4788
2237578,3,4,2641,Sydney,NSW,2001,Townhouse,1,4844
1852198,5,2,2362,Brisbane,QLD,2013,Apartment,1,5199
2585669,4,1,3382,Sydney,NSW,1999,House,2,9219
1256638,4,2,1112,Adelaide,SA,2012,House,1,2029
1746964,4,1,2755,Adelaide,SA,1994,Townhouse,1,5422
1724782,2,2,2687,Perth,WA,1986,Apartment,1,5802
1760847,3,2,1415,Sydney,NSW,2003,House,2,2701
2114775,1,2,2604,Sydney,NSW,2005,House,1,5708
1544568,3,1,2201,Adelaide,SA,1989,House,1,3334
1709357,2,4,1863,Melbourne,VIC,1994,Townhouse,2,3388
1684819,3,3,1505,Melbourne,VIC,2016,House,0,4138
1825107,3,3,1568,Sydney,NSW,2003,House,1,3325
2496492,4,2,3229,Sydney,NSW,1990,Townhouse,2,7928
1817583,4,3,2000,Brisbane,QLD,2019,House,2,3697
1865068,5,2,2469,Adelaide,SA,2000,House,0,6111
1327457,2,2,1525,Brisbane,QLD,2019,Townhouse,1,4576
1334337,1,1,1532,Brisbane,QLD,2017,House,1,3666
2159974,3,2,2649,Sydney,NSW,1994,Townhouse,1,6470
1392410,3,1,1190,Melbourne,VIC,1994,House,1,1984
2079063,3,4,1750,Sydney,NSW,2016,House,2,3685
1882665,3,1,2020,Sydney,NSW,1993,House,1,5639
1983570,3,2,2066,Sydney,NSW,2022,Townhouse,1,5686
1596974,3,2,1892,Brisbane,QLD,2000,House,1,4321
2074949,3,2,2237,Sydney,NSW,2023,House,0,6388
1711172,3,2,2415,Adelaide,SA,1999,House,1,4141
1737068,3,1,2440,Adelaide,SA,2012,House,1,6070
1602799,3,3,1408,Sydney,NSW,1982,Apartment,2,2638
1755616,3,2,1829,Melbourne,VIC,2019,House,1,4515
1773841,2,2,2716,Brisbane,QLD,2002,Apartment,1,4431
1825098,3,3,2536,Adelaide,SA,2023,Apartment,1,7395
1351851,4,3,1176,Perth,WA,2002,House,1,3151
2081757,4,3,2210,Sydney,NSW,2006,House,0,3982
1461584,3,2,813,Sydney,NSW,2014,House,2,1996
1916240,3,2,2028,Sydney,NSW,2004,Townhouse,2,5351
2379081,3,2,3138,Melbourne,VIC,2011,House,0,5694
1620841,3,3,1431,Melbourne,VIC,2001,House,2,2347
1297325,3,3,1499,Brisbane,QLD,1987,Apartment,1,3040
2079669,3,1,2458,Sydney,NSW,2017,Townhouse,1,4188
1111125,3,2,1074,Perth,WA,1997,House,1,2523
1772621,3,3,1620,Sydney,NSW,2007,Townhouse,1,3461
2000716,4,2,2357,Melbourne,VIC,2007,House,0,5172
1543606,2,2,1619,Melbourne,VIC,1990,House,1,3747
1843702,4,2,1858,Sydney,NSW,1991,House,0,5525
1568498,2,2,2446,Brisbane,QLD,1981,Apartment,0,6578
2014891,2,4,2252,Melbourne,VIC,2016,House,1,5506
1723904,5,2,2160,Perth,WA,1983,House,1,4418
1695805,5,2,1796,Adelaide,SA,2020,House,2,2767
1634915,2,1,2222,Perth,WA,2013,House,1,3721
1757998,3,1,1925,Melbourne,VIC,2002,House,0,4999
1867357,2,2,2274,Melbourne,VIC,1992,House,1,4671
1791694,3,2,1701,Sydney,NSW,1986,House,2,3406
1879943,4,2,1890,Melbourne,VIC,2011,House,1,5356
1382716,5,2,1406,Adelaide,SA,2002,House,2,3130
1962575,3,3,1978,Sydney,NSW,1987,House,1,5638
1487785,3,2,1513,Brisbane,QLD,2016,House,2,4282
1316878,3,2,1331,Perth,WA,2013,House,1,2157
1696655,3,4,2155,Adelaide,SA,2008,House,0,6288
1932265,5,2,2127,Melbourne,VIC,2016,Apartment,1,3437
2135154,4,3,2469,Melbourne,VIC,2002,House,1,7273
1876303,3,2,1741,Sydney,NSW,2017,House,1,3794
1727269,3,3,2244,Brisbane,QLD,2008,Apartment,1,5929
2226349,3,3,2330,Sydney,NSW,2023,House,0,5964
1789395,1,2,2266,Sydney,NSW,1984,Apartment,1,5163
1930112,4,3,1504,Sydney,NSW,2019,House,2,3654
2050086,3,4,2089,Melbourne,VIC,1990,House,2,6111
1917695,3,2,2218,Melbourne,VIC,1993,House,1,6413
1807934,3,2,2004,Melbourne,VIC,2021,Townhouse,0,4973
865601,4,2,800,Adelaide,SA,1981,House,0,1989
1973734,2,3,2096,Sydney,NSW,2014,Townhouse,2,3920
2375498,4,2,3327,Brisbane,QLD,2014,House,2,9127
1562943,4,1,1783,Brisbane,QLD,2021,Townhouse,2,4368
1830817,5,1,1563,Sydney,NSW,2007,House,1,4282
1603364,3,2,2224,Perth,WA,1987,Apartment,2,5530
2015050,3,2,2187,Sydney,NSW,2011,Apartment,2,4263
1797767,3,2,2715,Brisbane,QLD,1983,Apartment,1,4845
1291650,3,3,1245,Brisbane,QLD,1986,House,2,2011
1684062,2,2,2438,Brisbane,QLD,2018,Apartment,0,5801
1944808,3,1,2354,Sydney,NSW,2006,Apartment,1,4534
1806597,3,1,1914,Melbourne,VIC,2016,House,2,4682
1620978,4,2,2203,Brisbane,QLD,1996,Apartment,0,3498
1784549,1,2,2617,Brisbane,QLD,1989,House,2,5401
1757982,3,2,2523,Perth,WA,1983,House,1,4771
1313668,4,2,1314,Brisbane,QLD,2002,Apartment,2,2701
2133582,4,2,2492,Sydney,NSW,1993,Apartment,1,3941
1922519,4,1,1961,Sydney,NSW,1984,House,2,5072
1550785,4,1,2043,Brisbane,QLD,1981,Apartment,2,3423
1791232,5,4,2043,Brisbane,QLD,2003,Apartment,1,3110
1799204,3,2,1909,Sydney,NSW,1997,House,0,5575
2390194,3,3,2715,Sydney,NSW,2006,House,2,4858
1843944,1,3,1949,Sydney,NSW,2003,Apartment,1,5346
1402850,1,2,1328,Melbourne,VIC,2008,House,1,3914
1683507,3,3,1763,Melbourne,VIC,1990,House,0,4059
1782779,2,1,2107,Melbourne,VIC,1997,House,2,4823
2019856,3,2,2737,Melbourne,VIC,1983,Apartment,1,5615
1904762,2,2,2361,Melbourne,VIC,2012,Apartment,2,5050
1333907,1,3,1489,Brisbane,QLD,1993,House,2,3311
2717578,5,1,3491,Sydney,NSW,2023,House,0,6033
1906123,1,3,2158,Sydney,NSW,2021,Apartment,1,4419
2094035,4,1,2765,Brisbane,QLD,2011,House,2,7532
1462366,2,3,1908,Perth,WA,1983,Townhouse,2,3385
2089782,5,2,2320,Melbourne,VIC,1999,House,1,6019
1843636,4,2,2503,Adelaide,SA,2000,House,2,6202
2211968,3,2,2730,Sydney,NSW,1982,House,1,4331
2196217,3,2,2634,Sydney,NSW,2004,House,1,4040
1967122,1,2,2523,Melbourne,VIC,1983,House,2,5119
1693701,5,4,1810,Brisbane,QLD,1990,Townhouse,1,4596
1677337,4,1,1656,Melbourne,VIC,1995,House,1,3306
2052721,4,4,2199,Melbourne,VIC,2015,Apartment,2,5502
2186098,3,2,2559,Sydney,NSW,1985,House,1,6395
1793421,3,3,1866,Melbourne,VIC,2010,House,0,5057
2249089,4,2,2639,Sydney,NSW,2019,Townhouse,1,4352
2188931,3,2,2871,Melbourne,VIC,1992,House,1,6793
1663400,3,3,1450,Melbourne,VIC,2002,House,1,2311
1376021,2,2,1497,Brisbane,QLD,1983,House,2,2642
1891910,5,2,1915,Melbourne,VIC,2016,Townhouse,0,3809
1606770,2,1,2184,Brisbane,QLD,2021,Townhouse,2,5594
1724610,3,1,1685,Melbourne,VIC,2016,House,2,4989
1889658,3,2,2811,Adelaide,SA,2023,Apartment,2,5661
1902416,4,3,2254,Brisbane,QLD,2012,House,1,5143
1594890,3,2,2023,Brisbane,QLD,2021,Apartment,1,3821
1179559,3,1,1138,Brisbane,QLD,2008,Townhouse,1,2861
1429067,1,2,1210,Melbourne,VIC,2016,House,2,2481
1834548,4,2,2168,Melbourne,VIC,1998,Apartment,1,4819
1246236,5,2,800,Brisbane,QLD,1999,House,1,1881
2245461,4,3,2607,Sydney,NSW,2011,Apartment,1,6595
2072836,3,3,1905,Sydney,NSW,2023,House,2,3029
2386081,5,1,3945,Brisbane,QLD,1995,Apartment,0,9203
2566544,3,3,3384,Sydney,NSW,1984,House,2,7266
1375978,3,2,1891,Adelaide,SA,1991,House,0,3216
1528068,3,3,1936,Brisbane,QLD,2000,Apartment,1,3508
1807494,3,1,2597,Brisbane,QLD,1993,House,1,7339
2334930,4,2,3021,Melbourne,VIC,2016,House,0,8484
1229555,3,2,1017,Brisbane,QLD,2001,House,2,1576
1344689,3,2,928,Melbourne,VIC,2009,House,1,2352
1555330,3,1,1626,Sydney,NSW,2002,Apartment,0,3792
1415857,1,1,2349,Adelaide,SA,1984,Apartment,2,6836
2096986,3,1,2298,Sydney,NSW,2008,House,1,6577
1900141,3,2,2641,Brisbane,QLD,2009,Apartment,2,6259
1048587,2,1,1280,Perth,WA,1997,Apartment,1,2187
921973,3,2,800,Adelaide,SA,1980,House,1,1751
1966237,3,1,2514,Melbourne,VIC,2018,House,0,6507
1628397,4,2,1503,Melbourne,VIC,1996,Townhouse,2,4400
855326,3,1,800,Adelaide,SA,1982,House,1,1636
1912856,4,4,2087,Perth,WA,2021,House,2,5587
2009314,5,4,2475,Brisbane,QLD,1986,Apartment,2,6251
1587755,4,2,1926,Brisbane,QLD,2006,Apartment,2,3116
1666747,3,2,1725,Melbourne,VIC,2007,Apartment,2,4031
1805158,3,1,1904,Sydney,NSW,2023,Townhouse,1,3380
2064789,5,4,1777,Sydney,NSW,2010,House,0,4489
1145479,3,2,1191,Brisbane,QLD,1994,Apartment,0,2876
1505125,3,1,1571,Melbourne,VIC,1987,Townhouse,1,4650
1735335,3,2,2312,Brisbane,QLD,1985,House,1,6714
1686535,2,1,2193,Melbourne,VIC,2007,Apartment,0,3320
1959208,5,2,2100,Melbourne,VIC,1983,House,1,3403
1680100,3,2,1402,Sydney,NSW,2009,House,1,3722
1495815,3,2,1891,Brisbane,QLD,2022,Apartment,0,4781
955632,3,2,800,Adelaide,SA,1996,Townhouse,1,2161
1650645,3,1,2107,Brisbane,QLD,2013,House,0,4003
2133680,1,2,2857,Sydney,NSW,1985,House,1,7926
1381134,3,1,1115,Melbourne,VIC,2015,Townhouse,0,2413
1592917,4,3,1648,Perth,WA,2014,House,2,3120
1840864,3,1,2197,Melbourne,VIC,2018,Apartment,0,3331
2283276,4,2,2751,Melbourne,VIC,2018,House,2,7724
1789626,3,2,1731,Sydney,NSW,1995,House,1,3986
1599747,3,2,1584,Melbourne,VIC,1981,House,1,4695
1309827,2,2,818,Sydney,NSW,1987,House,1,2105
1945424,3,2,2062,Sydney,NSW,1994,House,1,3341
2457551,4,2,3225,Melbourne,VIC,2006,House,0,7683
2003161,4,2,2166,Melbourne,VIC,1995,House,2,3305
1619431,3,2,1986,Brisbane,QLD,1980,House,2,4642
1905774,3,2,2193,Melbourne,VIC,1989,House,2,4441
1809592,4,2,1993,Melbourne,VIC,1986,Townhouse,1,4913
1364232,3,2,1512,Brisbane,QLD,1989,House,1,3496
1649481,2,1,2493,Adelaide,SA,1991,House,1,4718
2042216,5,2,2135,Melbourne,VIC,1996,House,1,3723
1900118,3,1,2010,Sydney,NSW,1991,House,2,4236
1534365,5,1,1414,Melbourne,VIC,1994,Apartment,1,4216
2063470,3,2,2782,Brisbane,QLD,2011,House,2,5991
1750356,4,3,2398,Adelaide,SA,2011,Apartment,1,6292
1739107,3,3,1668,Melbourne,VIC,2005,House,1,2644
1785500,3,1,2601,Perth,WA,1993,House,2,5379
1730818,3,2,1701,Melbourne,VIC,2005,House,2,4033
1573757,3,2,1530,Sydney,NSW,1984,Apartment,1,4021
1358859,2,1,1544,Perth,WA,2017,House,1,3540
1361100,3,3,937,Sydney,NSW,1983,Apartment,1,2130
2002456,1,3,2282,Sydney,NSW,2007,House,0,6040
1123310,4,4,901,Adelaide,SA,1980,House,2,1775
1365209,3,1,1262,Melbourne,VIC,1992,Apartment,1,2066
1415711,2,2,800,Sydney,NSW,2022,House,1,1616
1673940,2,3,1948,Melbourne,VIC,1982,Apartment,1,3387
1683121,2,2,1909,Melbourne,VIC,2004,House,1,5631
1882965,3,3,1803,Sydney,NSW,2021,Townhouse,1,4268
1372047,2,1,1374,Melbourne,VIC,1995,Townhouse,2,2982
1254808,4,2,1296,Brisbane,QLD,2000,Apartment,0,3718
1466673,1,2,2278,Adelaide,SA,1992,Apartment,2,6495
1628387,3,1,1669,Melbourne,VIC,2023,Apartment,1,3545
2049046,4,2,2189,Melbourne,VIC,2015,House,2,6157
1416597,4,2,1468,Brisbane,QLD,1987,Townhouse,2,2344
1937979,2,1,2108,Sydney,NSW,2023,House,1,5964
2231081,4,2,2781,Melbourne,VIC,1998,House,0,5468
1733929,3,2,2351,Brisbane,QLD,1995,Townhouse,1,5521
1429875,4,2,1752,Brisbane,QLD,1991,Apartment,1,3337
1995106,3,3,2154,Melbourne,VIC,1999,House,2,6413
1714487,3,2,1855,Sydney,NSW,1997,Townhouse,0,2983
1960943,5,2,2004,Sydney,NSW,1991,Townhouse,0,4351
1874035,3,4,1804,Melbourne,VIC,2004,House,1,4387
1776754,3,4,1901,Melbourne,VIC,1990,Apartment,1,4607
1867824,3,1,2127,Melbourne,VIC,2001,House,1,5548
1237426,1,3,1403,Brisbane,QLD,2013,Apartment,1,3631
1057942,1,1,1390,Adelaide,SA,1992,House,2,3739
1085041,2,1,1166,Adelaide,SA,2017,House,0,2160
1148846,3,2,1039,Brisbane,QLD,1991,House,1,2137
1570742,3,2,1269,Melbourne,VIC,2018,House,2,2632
2090620,3,3,2095,Sydney,NSW,2015,House,1,6148
1564246,1,3,1464,Melbourne,VIC,2007,House,2,3095
2031701,3,4,2308,Melbourne,VIC,2006,Apartment,2,4230
1825174,5,3,2020,Adelaide,SA,2018,House,2,4948
1395398,3,2,818,Sydney,NSW,1992,House,1,1753
1945878,3,2,2392,Brisbane,QLD,2022,House,2,4487
1889413,4,4,2486,Adelaide,SA,2019,Apartment,2,6396
1470541,4,3,1403,Perth,WA,2006,House,2,2509
1833989,3,3,2252,Brisbane,QLD,2010,House,1,5517
1723180,4,4,1486,Sydney,NSW,1981,House,0,3188
1773303,3,1,2058,Sydney,NSW,1997,Apartment,1,4073
1686965,4,3,1241,Sydney,NSW,2005,House,1,3623
1195870,3,3,924,Brisbane,QLD,2021,House,1,1835
1840480,3,4,1770,Sydney,NSW,2010,Apartment,1,3578
1927939,2,2,1925,Sydney,NSW,2017,House,2,5403
1770446,4,2,1761,Melbourne,VIC,2001,Townhouse,2,2983
1521499,3,2,1289,Melbourne,VIC,2015,Townhouse,2,2143
1730250,3,2,1760,Melbourne,VIC,1998,House,2,3386
1518111,3,2,2161,Adelaide,SA,1993,Apartment,2,5160
2041625,5,2,1973,Sydney,NSW,1993,House,2,4096
1852456,4,2,2109,Melbourne,VIC,2008,House,0,5089
1551121,3,2,1597,Melbourne,VIC,1996,Townhouse,1,2779
2303581,3,2,2703,Sydney,NSW,2016,House,1,5114
1436140,3,2,1294,Melbourne,VIC,1988,House,0,3038
1687370,3,2,2292,Brisbane,QLD,1980,Townhouse,2,4185
1996573,5,2,2709,Brisbane,QLD,1983,House,0,5781
1916021,2,1,2288,Sydney,NSW,1986,House,1,5398
1407946,3,1,1878,Perth,WA,1990,House,0,5561
1304219,3,1,1683,Adelaide,SA,1993,House,1,2726
2252234,3,2,2621,Sydney,NSW,2021,House,1,5743
1431666,3,3,1146,Melbourne,VIC,1998,Apartment,2,2400
1484351,3,1,1417,Melbourne,VIC,2019,Townhouse,1,3879
1679893,2,1,1761,Sydney,NSW,1982,House,1,5020
2186591,3,3,2742,Melbourne,VIC,1987,House,2,7845
2078531,3,2,2227,Sydney,NSW,2008,Townhouse,2,4595
1254973,2,4,1419,Adelaide,SA,2016,Apartment,1,2777
1796430,2,3,1813,Melbourne,VIC,2022,House,0,3942
1315924,4,2,1631,Adelaide,SA,1988,House,0,3288
1821730,3,2,1574,Sydney,NSW,1998,House,2,4058
2134772,3,2,2587,Sydney,NSW,1991,House,1,4709
1446013,4,1,1176,Melbourne,VIC,2006,House,0,2928
1933259,3,1,2965,Perth,WA,2016,House,0,8571
2056255,3,1,2496,Melbourne,VIC,2004,House,2,4793
2021324,3,3,2654,Brisbane,QLD,2017,House,1,6677
1624383,3,2,1722,Melbourne,VIC,1996,House,1,2954
1912862,3,1,1910,Sydney,NSW,2023,House,1,3212
1254657,3,2,1140,Brisbane,QLD,2012,House,0,1907
1476589,4,2,1685,Brisbane,QLD,2018,Apartment,1,2877
1993760,4,2,2296,Sydney,NSW,1993,Apartment,1,4188
2134286,2,2,2777,Sydney,NSW,2007,Apartment,1,6511
1551663,2,2,1335,Melbourne,VIC,1997,House,2,3540
1873270,3,4,1780,Melbourne,VIC,2012,House,1,3009
1625749,3,1,1909,Brisbane,QLD,2021,House,2,5355
1282229,1,2,1162,Melbourne,VIC,1994,House,1,3213
1708341,4,2,2354,Brisbane,QLD,1990,Townhouse,1,6101
1475771,3,2,1565,Brisbane,QLD,2015,House,1,3348
1582748,5,2,1882,Brisbane,QLD,1994,Apartment,1,2828
1808672,4,3,1728,Melbourne,VIC,2009,House,1,4498
1366374,4,4,1526,Perth,WA,1994,Apartment,1,4302
1688259,3,2,1995,Brisbane,QLD,2002,House,2,3997
1557126,3,2,1870,Perth,WA,2022,Apartment,2,4820
1462922,3,2,1776,Brisbane,QLD,1994,House,0,2830
1672555,2,2,1562,Sydney,NSW,2008,House,0,4007
1783182,3,2,2191,Melbourne,VIC,1990,Townhouse,0,3512
2335459,3,1,2992,Melbourne,VIC,1997,House,2,7123
1822281,2,2,2083,Sydney,NSW,2019,Apartment,0,4993
1970226,3,2,2597,Brisbane,QLD,2010,House,1,5073
1545609,4,3,1165,Melbourne,VIC,1988,House,1,1887
1849329,2,3,2094,Melbourne,VIC,2001,House,1,6124
1311398,1,1,1341,Melbourne,VIC,1990,House,0,3090
1267501,3,1,1113,Melbourne,VIC,1996,Apartment,1,2639
1915789,5,4,1556,Sydney,NSW,2012,House,0,3770
2084563,3,2,2715,Sydney,NSW,1990,Apartment,0,7701
1917609,2,3,2570,Brisbane,QLD,2018,House,1,4087
1845126,3,1,2145,Sydney,NSW,1987,Townhouse,1,6093
1543063,5,2,1080,Sydney,NSW,1983,House,0,2008
1875345,4,2,1882,Melbourne,VIC,2015,House,1,3043
2026844,3,3,2181,Sydney,NSW,1998,House,1,5421
1913017,3,1,2105,Sydney,NSW,2003,Townhouse,1,6243
1429999,3,2,893,Melbourne,VIC,2020,House,2,1417
1667252,2,2,1465,Sydney,NSW,1997,House,2,3135
1992752,3,3,1961,Sydney,NSW,2012,House,1,4501
1907628,4,4,2321,Brisbane,QLD,2015,Townhouse,1,4360
1522962,5,4,800,Melbourne,VIC,1989,House,2,2379
1867413,3,4,1902,Melbourne,VIC,1993,House,0,4683
1709867,1,1,2085,Sydney,NSW,1986,House,1,5770
1689673,3,1,2509,Adelaide,SA,1991,House,2,5329
1820210,4,1,2415,Brisbane,QLD,2001,House,1,4906
2041662,4,2,2349,Melbourne,VIC,2006,House,1,5473
1812480,2,3,1520,Sydney,NSW,2016,House,1,3272
1284400,3,3,855,Sydney,NSW,1990,Apartment,0,2199
1473117,3,1,1764,Brisbane,QLD,2015,Townhouse,1,3349
2067913,3,2,2600,Melbourne,VIC,1992,House,1,5655
2383138,4,4,2836,Sydney,NSW,2011,House,0,8062
1630652,3,2,2426,Adelaide,SA,1987,House,0,6391
1778806,4,1,2257,Melbourne,VIC,1986,Apartment,1,3955
1968429,3,2,2227,Melbourne,VIC,2022,House,0,6305
1486886,4,2,1666,Perth,WA,2022,Townhouse,1,3971
1509909,3,2,1921,Perth,WA,1996,House,1,4841
2100232,4,2,3001,Brisbane,QLD,2001,House,0,5826
1301670,3,1,1434,Perth,WA,2013,House,1,3101
1993622,3,4,2968,Adelaide,SA,1999,Townhouse,0,8046
1360881,3,2,1806,Adelaide,SA,1987,Townhouse,1,3606
2182832,3,2,2795,Melbourne,VIC,2001,Townhouse,1,4884
1489823,3,4,1155,Melbourne,VIC,2006,Apartment,1,2389
2091878,3,1,2351,Sydney,NSW,2013,House,1,3771
1468982,5,1,1557,Perth,WA,2000,House,1,4014
1581900,2,3,1150,Sydney,NSW,1994,House,2,1981
1747008,4,2,2131,Melbourne,VIC,1984,Apartment,1,4108
2439104,5,3,2605,Sydney,NSW,2017,House,1,7352
1361972,1,2,1493,Melbourne,VIC,1996,Apartment,2,3450
1078909,3,1,1100,Brisbane,QLD,1987,House,1,2181
1805834,3,2,1944,Sydney,NSW,1998,Apartment,2,4515
1376005,1,1,1947,Brisbane,QLD,1984,Townhouse,2,3558
1895037,3,3,2328,Melbourne,VIC,2002,Apartment,1,3581
2195642,5,2,2569,Melbourne,VIC,1998,Townhouse,2,6181
1562025,1,4,1964,Adelaide,SA,1993,House,2,5050
2378748,3,3,3113,Melbourne,VIC,1989,House,2,8778
1916635,3,1,2134,Sydney,NSW,2010,Townhouse,1,5673
1501390,4,3,1792,Adelaide,SA,1992,House,1,5179
1261118,2,2,1033,Melbourne,VIC,2001,House,0,3077
1601244,3,2,1842,Brisbane,QLD,2016,House,1,4822
1519793,3,3,1798,Brisbane,QLD,2018,Apartment,1,5038
2042435,3,2,2576,Melbourne,VIC,1989,House,1,6467
2122951,5,2,2277,Melbourne,VIC,2010,House,2,4000
1597373,4,2,1292,Sydney,NSW,2022,Townhouse,0,2290
1774974,1,2,2103,Melbourne,VIC,2014,Townhouse,2,3502
1839501,3,1,2402,Melbourne,VIC,1992,House,0,7003
2144727,3,2,2916,Melbourne,VIC,2009,Apartment,0,7318
1797925,3,2,2532,Brisbane,QLD,2013,Townhouse,1,6799
1772627,3,1,2456,Brisbane,QLD,2015,House,0,4904
1713265,3,1,2036,Brisbane,QLD,2014,House,2,4460
2005298,3,2,2232,Sydney,NSW,1983,House,1,3482
2196320,5,2,2749,Sydney,NSW,1983,Apartment,0,7791
1540901,2,3,1200,Sydney,NSW,1985,House,0,3336
1479461,5,2,1790,Adelaide,SA,2007,Apartment,1,4793
1290141,3,2,1536,Perth,WA,2009,Apartment,0,2439
1631582,3,2,2227,Adelaide,SA,2006,House,1,3923
2187565,4,2,2738,Sydney,NSW,1984,House,1,5479
1704635,3,2,1641,Melbourne,VIC,2023,House,0,3110
1457313,3,4,800,Melbourne,VIC,2018,House,1,2206
1913067,3,4,1752,Melbourne,VIC,2014,House,2,3141
1937383,3,3,2548,Brisbane,QLD,2018,House,1,5855
2253506,5,4,2322,Melbourne,VIC,2023,Apartment,1,5474
1754463,4,2,2256,Brisbane,QLD,1994,House,1,4824
1531463,2,2,1832,Brisbane,QLD,1998,House,2,3409
1649182,2,3,1232,Sydney,NSW,2009,House,2,3624
1784706,3,2,2309,Adelaide,SA,2017,House,2,4895
1507058,2,3,1499,Melbourne,VIC,2011,Apartment,1,3884
2302394,3,3,3310,Brisbane,QLD,2019,House,0,5879
1896590,2,4,2342,Brisbane,QLD,2008,House,1,6404
1554473,3,2,1651,Melbourne,VIC,1985,Apartment,2,3012
1554750,1,3,1633,Melbourne,VIC,2005,House,0,4104
1592609,3,2,1944,Brisbane,QLD,2006,House,1,4393
1854631,3,2,1856,Sydney,NSW,2014,Apartment,2,3192
1825917,3,2,2670,Adelaide,SA,2007,House,1,4105
2123079,5,3,2111,Sydney,NSW,1984,House,1,6116
1937962,4,4,1561,Sydney,NSW,2020,House,1,2635
1978236,3,2,3134,Adelaide,SA,1995,House,0,8015
1753440,1,2,2029,Sydney,NSW,2020,Apartment,1,5031
2113106,4,2,2461,Sydney,NSW,1997,Apartment,0,4953
1594835,5,4,1635,Perth,WA,1992,Townhouse,2,2907
2159449,4,2,2217,Sydney,NSW,2022,House,2,3920
1914314,2,2,2186,Sydney,NSW,2004,Townhouse,1,5199
1355956,5,2,866,Sydney,NSW,1989,Apartment,1,2009
2128372,3,2,3209,Perth,WA,2008,House,1,9030
2168240,4,1,2774,Sydney,NSW,1989,Townhouse,0,6825
1573363,5,2,1761,Brisbane,QLD,1985,House,0,4807
1644240,3,4,1338,Melbourne,VIC,1995,House,1,2073
2284935,5,3,2208,Sydney,NSW,2004,House,2,5535
1907121,3,1,2052,Sydney,NSW,2023,Apartment,2,3797
1821830,5,4,2213,Adelaide,SA,1983,House,1,4159
1953823,3,2,2114,Melbourne,VIC,2016,House,1,5458
2140992,5,1,2303,Sydney,NSW,2013,Townhouse,1,6197
2160284,2,1,2868,Sydney,NSW,1998,House,1,5901
2037171,4,1,2340,Melbourne,VIC,2012,House,1,6285
1516886,3,3,1370,Melbourne,VIC,1983,Townhouse,2,2967
2396001,3,1,2817,Sydney,NSW,2023,House,2,7850
2415185,3,2,2984,Sydney,NSW,2013,House,1,4588
2452119,4,3,3891,Brisbane,QLD,1991,Apartment,1,6324
1527329,2,2,1325,Melbourne,VIC,2010,House,2,3532
1999528,3,3,2145,Sydney,NSW,1995,Townhouse,2,5227
1387728,3,3,800,Sydney,NSW,1981,House,1,1870
1902010,5,1,2331,Melbourne,VIC,1981,Apartment,1,5645
1790934,1,3,1671,Sydney,NSW,2015,House,2,4838
2334621,2,2,3154,Sydney,NSW,1985,House,1,7832
1398201,3,2,1535,Brisbane,QLD,2002,House,1,3793
1471193,3,2,986,Melbourne,VIC,2018,House,1,2603
1753497,3,1,1717,Melbourne,VIC,2023,House,2,4808
1451810,3,4,814,Melbourne,VIC,2016,House,1,1542
1790283,4,2,2450,Brisbane,QLD,1995,Apartment,1,5943
1514204,4,1,800,Sydney,NSW,2022,House,2,1900
2132873,3,4,2017,Sydney,NSW,2023,House,2,3433
1381838,2,2,800,Sydney,NSW,1998,House,2,1824
1455447,3,2,1807,Adelaide,SA,2003,House,0,2900
2251951,2,2,2986,Melbourne,VIC,2006,House,1,5307
2108391,4,3,2216,Sydney,NSW,1986,House,1,6359
1693307,3,1,1481,Sydney,NSW,2009,House,1,2487
1623552,3,2,1981,Brisbane,QLD,2020,Apartment,2,4692
1845580,3,2,2010,Sydney,NSW,1993,Apartment,2,3991
1894040,4,1,2283,Brisbane,QLD,2023,House,1,5327
1138945,2,3,1179,Adelaide,SA,1994,House,0,2185
2008563,3,2,2355,Sydney,NSW,1991,House,0,5103
1328041,2,2,800,Sydney,NSW,2008,Townhouse,1,2240
1749922,4,1,1622,Sydney,NSW,2002,House,0,3348
1848062,5,3,1707,Sydney,NSW,1992,Apartment,1,3464
1860233,3,3,2379,Brisbane,QLD,1988,House,1,5162
1988613,3,2,2013,Sydney,NSW,2003,House,2,3323
1532141,5,2,1156,Melbourne,VIC,2018,Townhouse,0,2407
1545720,3,2,1409,Melbourne,VIC,2009,Townhouse,1,2128
1526608,3,2,2119,Adelaide,SA,1980,House,2,4779
1633848,3,1,1952,Melbourne,VIC,1989,Apartment,1,5412
1643105,3,2,1652,Sydney,NSW,2017,Apartment,0,3847
1699740,2,2,1711,Sydney,NSW,1994,House,0,4127
1898262,4,4,2417,Brisbane,QLD,1988,Apartment,2,3737
1781486,3,2,1689,Sydney,NSW,1992,Townhouse,2,4712
1960988,2,3,1947,Sydney,NSW,2002,House,2,4045
2189179,4,2,3301,Adelaide,SA,2012,Townhouse,0,9781
1507239,3,4,1145,Sydney,NSW,1988,Apartment,2,1925
1315428,2,2,888,Sydney,NSW,1982,House,1,2592
1750045,3,2,2470,Perth,WA,2009,Apartment,1,6055
1795041,4,3,1592,Sydney,NSW,1988,Apartment,2,2514
1848871,4,1,1809,Sydney,NSW,2004,House,1,5350
1873674,5,1,1531,Sydney,NSW,2003,House,2,2328
1498942,4,1,1844,Brisbane,QLD,2011,Apartment,2,4787
1725448,1,3,2959,Adelaide,SA,1986,Apartment,1,8387
2053918,3,1,2481,Melbourne,VIC,2015,House,1,4376
2293206,4,3,2517,Sydney,NSW,2004,House,1,5072
1622252,3,2,1150,Sydney,NSW,1999,House,2,2693
1483951,3,1,1309,Melbourne,VIC,1996,House,1,3299
1161868,3,2,800,Brisbane,QLD,2015,House,2,2246
1274220,3,1,1514,Brisbane,QLD,2005,Apartment,0,4000
2158833,5,2,2574,Melbourne,VIC,1998,Townhouse,1,5263
1742408,3,2,2310,Adelaide,SA,2016,House,1,6312
1780245,3,2,1867,Sydney,NSW,1982,Townhouse,1,5506
1992698,5,1,1986,Sydney,NSW,2022,Apartment,2,3656
1404672,3,2,1586,Perth,WA,2007,House,0,2556
1888582,2,3,2122,Sydney,NSW,2001,Apartment,1,4542
2107998,3,3,2459,Melbourne,VIC,1998,House,1,6941
1473400,4,3,1030,Melbourne,VIC,1995,Townhouse,1,1778
1923010,4,2,2179,Melbourne,VIC,1985,House,1,6165
2410977,4,3,2559,Sydney,NSW,2016,House,2,7648
1497650,4,2,1750,Adelaide,SA,2010,House,1,2768
2094264,3,1,2420,Sydney,NSW,2013,House,1,5428
2729725,4,3,3688,Melbourne,VIC,2010,House,1,7352
2031522,4,4,1937,Sydney,NSW,1990,House,1,4050
1685115,2,2,2235,Perth,WA,2015,House,1,4868
1591893,2,2,1557,Sydney,NSW,1985,House,1,4063
1793828,5,2,2108,Brisbane,QLD,2006,House,0,5033
1927872,4,2,2276,Sydney,NSW,1986,Apartment,0,6696
1968855,4,3,2116,Melbourne,VIC,2011,House,1,4232
1377691,4,1,1388,Brisbane,QLD,1987,House,2,3209
1974144,3,3,2123,Sydney,NSW,2012,Apartment,0,5776
2325737,3,2,2877,Melbourne,VIC,2023,House,1,5925
1743103,3,3,2269,Brisbane,QLD,1994,House,0,4987
2274898,2,4,2577,Sydney,NSW,2006,House,2,6513
1559132,4,2,1857,Adelaide,SA,2009,Townhouse,2,5185
2022652,3,2,2449,Sydney,NSW,2001,Apartment,1,5202
1778095,3,3,2167,Brisbane,QLD,2008,House,1,4980
1500374,3,2,1429,Perth,WA,2020,House,2,4235
1947613,3,2,2191,Melbourne,VIC,2009,House,0,3426
1579841,2,2,1404,Sydney,NSW,1981,House,2,3052
1711675,3,1,1620,Sydney,NSW,1994,House,1,3976
1496944,2,3,2113,Adelaide,SA,2006,Apartment,0,3197
1572292,2,1,2178,Brisbane,QLD,1986,House,1,5217
1614188,5,4,1286,Melbourne,VIC,2006,Apartment,1,2038
2144902,2,2,2632,Sydney,NSW,2000,Townhouse,2,7334
2143624,3,3,2343,Sydney,NSW,1992,House,2,6351
1361537,3,2,1577,Brisbane,QLD,1996,Townhouse,1,2442
1004782,3,2,1077,Adelaide,SA,1990,Townhouse,1,1695
1704876,2,2,1913,Sydney,NSW,1989,Apartment,2,5032
1638611,4,3,1732,Brisbane,QLD,2012,House,1,3558
1922459,4,2,2067,Sydney,NSW,1993,Apartment,1,4885
1599749,3,3,1782,Brisbane,QLD,2016,Townhouse,1,3395
1215034,3,2,800,Melbourne,VIC,1987,Apartment,1,1407
1706817,5,2,1766,Brisbane,QLD,2012,House,2,3435
1392175,4,3,1816,Adelaide,SA,1986,Apartment,1,3397
1756851,3,1,2380,Brisbane,QLD,2013,Townhouse,1,5170
1235379,2,2,1581,Adelaide,SA,1986,House,2,4142
2141726,3,2,3007,Sydney,NSW,1986,Apartment,0,7010
1099422,3,2,853,Adelaide,SA,2020,House,1,2058
1931614,2,2,2786,Perth,WA,2015,House,2,6145
1807146,3,2,1865,Sydney,NSW,1986,House,1,3706
2078476,3,2,2515,Melbourne,VIC,1999,House,1,4315
1495027,3,3,2047,Adelaide,SA,1997,Apartment,1,4160
2495903,4,4,2683,Sydney,NSW,2022,House,2,6703
1806691,4,2,1767,Melbourne,VIC,2020,House,1,4596
1256421,3,2,1340,Brisbane,QLD,1993,House,0,2954
2325972,4,1,2852,Sydney,NSW,2019,House,0,7038
1496394,2,3,1931,Brisbane,QLD,1993,Apartment,2,3507
1968255,4,2,2132,Melbourne,VIC,2000,House,1,5951
2271418,2,2,2740,Sydney,NSW,2006,House,2,7671
1540200,2,4,1380,Melbourne,VIC,2005,Townhouse,1,2734
2012930,3,2,2357,Melbourne,VIC,2006,House,1,5472
1473657,3,3,1646,Perth,WA,2003,Apartment,2,3967
1637557,5,2,1920,Brisbane,QLD,1984,House,0,4242
1866362,3,1,2043,Melbourne,VIC,2021,House,0,5857
1309181,3,3,1099,Brisbane,QLD,2017,House,1,2870
1344963,3,1,1532,Brisbane,QLD,2007,House,0,3845
1998261,3,3,2810,Adelaide,SA,2021,House,1,6408
1937175,3,1,2531,Brisbane,QLD,2022,House,2,4119
1850751,3,3,1962,Melbourne,VIC,2011,Apartment,2,3261
1931251,4,1,2145,Melbourne,VIC,2003,House,1,4181
1485489,4,2,1823,Perth,WA,1985,House,2,3313
1916723,5,2,2813,Brisbane,QLD,1989,Apartment,0,8241
1829780,3,2,1879,Sydney,NSW,1982,House,1,3975
1706662,4,2,2139,Brisbane,QLD,1986,Townhouse,1,6021
2088323,3,2,2687,Melbourne,VIC,2008,Townhouse,1,7329
1786028,3,2,1533,Sydney,NSW,2013,House,0,4169
2148907,3,2,2935,Melbourne,VIC,1986,Townhouse,2,5352
1612123,5,2,1081,Sydney,NSW,1996,Townhouse,2,2348
2041197,4,2,2977,Brisbane,QLD,1992,Townhouse,1,5886
1794548,5,2,1776,Sydney,NSW,2000,Apartment,0,5250
2021519,4,4,1854,Sydney,NSW,2010,Townhouse,1,5220
1441423,5,2,865,Sydney,NSW,1988,Apartment,2,1623
1588038,4,1,1727,Melbourne,VIC,1992,Townhouse,1,3402
1478429,3,2,1376,Sydney,NSW,1996,Apartment,1,3155
1375100,3,3,1635,Perth,WA,1987,Townhouse,2,3136
1825908,3,1,1917,Sydney,NSW,1988,House,1,5248
1576556,1,2,2574,Perth,WA,1988,Apartment,1,7025
1914109,3,2,2124,Melbourne,VIC,2019,Townhouse,1,5495
1585640,3,1,2184,Adelaide,SA,2009,House,1,5535
1650557,3,3,1342,Sydney,NSW,1986,House,1,3116
1845499,5,2,1471,Sydney,NSW,1996,House,1,2973
2224051,5,2,3079,Brisbane,QLD,2018,Townhouse,1,8484
1471266,2,3,1558,Brisbane,QLD,2017,Townhouse,1,4346
2209560,3,2,2993,Melbourne,VIC,1984,House,0,4712
1814088,3,3,1854,Sydney,NSW,1996,Townhouse,1,3889
1851456,3,2,2001,Melbourne,VIC,2019,House,1,3081
2265796,4,3,2642,Sydney,NSW,1980,House,2,7290
2109516,3,3,2763,Melbourne,VIC,1995,Apartment,1,4878
1689184,3,1,1933,Melbourne,VIC,1996,House,1,4854
1715250,4,3,1767,Brisbane,QLD,2009,House,1,3597
1572071,4,2,1966,Adelaide,SA,2010,Apartment,1,5356
1905189,2,1,2202,Sydney,NSW,2014,House,1,4988
1839187,4,2,2534,Brisbane,QLD,1987,Apartment,2,5035
1849280,3,1,2002,Sydney,NSW,2009,House,1,3976
2202422,3,3,2371,Sydney,NSW,2018,Townhouse,2,4719
1900660,2,2,2983,Brisbane,QLD,2000,Apartment,0,8003
1674873,3,4,2228,Brisbane,QLD,1994,Apartment,0,5720
1652118,3,1,2186,Adelaide,SA,2013,House,2,4327
1158107,3,2,1088,Brisbane,QLD,2006,Townhouse,1,2433
1334313,3,2,800,Sydney,NSW,1981,House,1,1291
2083277,4,2,2233,Sydney,NSW,1989,House,1,6121
1560785,3,3,1943,Brisbane,QLD,1984,House,0,3689
1615755,1,3,1691,Melbourne,VIC,2006,Townhouse,1,4792
2014105,4,3,2146,Sydney,NSW,1983,Townhouse,2,5140
1610130,1,3,1963,Melbourne,VIC,1992,Townhouse,0,4618
1770569,5,1,2676,Adelaide,SA,1996,Apartment,2,4668
1722904,3,2,2051,Brisbane,QLD,2000,House,1,3291
1514606,3,2,1551,Melbourne,VIC,2002,Townhouse,1,3614
1826745,3,2,2594,Adelaide,SA,2012,House,0,5712
1396178,1,1,1869,Brisbane,QLD,1994,House,1,3140
2010996,3,2,2315,Sydney,NSW,1993,House,0,6376
1638399,2,2,1713,Sydney,NSW,1988,House,0,3642
1649687,3,2,1610,Melbourne,VIC,2023,Apartment,2,3044
1918980,2,3,2050,Melbourne,VIC,2016,House,2,5500
1634750,3,2,2007,Perth,WA,2009,House,2,5761
1479791,3,1,2287,Perth,WA,2008,Apartment,0,4481
1870955,3,1,1838,Sydney,NSW,2002,House,2,4898
1122803,1,3,898,Brisbane,QLD,2013,House,1,2226
1620712,1,4,1740,Melbourne,VIC,1986,Townhouse,2,5194
1847002,1,2,2476,Melbourne,VIC,1988,House,0,4472
1476024,4,2,1821,Brisbane,QLD,1983,Apartment,1,5357
1805030,3,4,1852,Melbourne,VIC,1981,House,2,3654
1925780,4,2,2591,Brisbane,QLD,2006,House,1,5489
1764046,3,3,1572,Sydney,NSW,2012,Apartment,2,3205
1486597,3,3,1074,Melbourne,VIC,2011,House,1,2044
1842857,3,2,1903,Melbourne,VIC,2023,House,1,4834
1865402,4,2,1709,Melbourne,VIC,2016,House,2,4074
1625254,3,1,1420,Sydney,NSW,2006,House,1,2781
1596899,2,2,1894,Brisbane,QLD,2007,House,2,3217
2111948,3,3,2294,Sydney,NSW,1982,House,1,4534
2045485,3,3,1994,Sydney,NSW,2015,House,0,4132
2094837,3,3,2184,Sydney,NSW,2022,Townhouse,1,4523
1959172,3,2,3088,Perth,WA,1987,House,1,6286
1915363,3,1,1794,Sydney,NSW,2023,House,2,2822
1661802,3,1,2167,Brisbane,QLD,2020,Apartment,1,4758
1788520,3,2,1694,Sydney,NSW,2016,Townhouse,1,4667
1732504,4,2,1492,Melbourne,VIC,2017,House,2,2641
1522774,4,2,1649,Brisbane,QLD,2001,House,1,2833
1806622,3,1,1712,Sydney,NSW,1993,House,2,3781
2133100,3,4,2215,Sydney,NSW,1994,House,2,4555
2504687,4,2,3409,Sydney,NSW,1983,House,0,7984
1418075,3,3,1570,Brisbane,QLD,1997,House,0,4586
1719244,3,2,1750,Sydney,NSW,1980,House,0,4622
1829282,4,1,1962,Melbourne,VIC,1991,House,2,4965
2058540,3,3,2237,Sydney,NSW,2020,House,0,4752
1881302,2,3,2158,Melbourne,VIC,2021,Apartment,2,4167
2081615,4,2,2770,Brisbane,QLD,1996,House,1,6400
1309603,1,2,800,Sydney,NSW,1998,House,2,2262
1153354,4,1,800,Perth,WA,2015,House,2,2252
1411500,4,2,1702,Adelaide,SA,1986,House,2,3691
2330220,5,4,2658,Sydney,NSW,1988,Apartment,1,4969
1043435,2,1,1060,Brisbane,QLD,1987,Townhouse,1,1949
1271540,3,2,800,Melbourne,VIC,2004,House,0,1240
1806033,3,4,2342,Brisbane,QLD,1986,House,1,6475
1878002,3,2,2146,Melbourne,VIC,2021,Apartment,1,4071
1250992,2,2,1345,Perth,WA,1987,House,2,2743
1531891,3,2,1408,Melbourne,VIC,2003,Townhouse,2,3822
1298233,3,2,1418,Perth,WA,1996,House,0,2382
1526380,2,2,2066,Brisbane,QLD,1991,Apartment,2,4529
1691112,3,2,1624,Sydney,NSW,2010,House,0,2734
1988757,4,1,2296,Sydney,NSW,1991,House,0,4966
1172910,4,3,800,Brisbane,QLD,1981,House,2,1256
1679938,5,3,1485,Melbourne,VIC,1991,Apartment,2,3382
1103831,3,2,1324,Adelaide,SA,2006,Apartment,0,3567
1542468,5,2,1846,Adelaide,SA,1986,Townhouse,2,4642
1585457,4,2,1677,Brisbane,QLD,1992,House,2,3796
1948885,3,1,2478,Melbourne,VIC,2015,Apartment,0,6799
1368140,2,3,884,Sydney,NSW,1980,House,1,1628
1718574,3,2,2027,Perth,WA,2014,House,2,5567
2175683,3,2,2335,Sydney,NSW,2009,House,2,4470
2348099,3,1,3113,Melbourne,VIC,2010,House,1,6364
1545806,3,1,1710,Melbourne,VIC,1996,Apartment,0,2896
1568470,4,2,2194,Adelaide,SA,1987,Townhouse,1,3626
1476535,3,3,917,Sydney,NSW,1982,House,2,2659
984001,2,4,800,Perth,WA,1989,House,1,1427
2100239,4,3,2506,Melbourne,VIC,2013,Apartment,0,5013
2042248,3,4,1996,Sydney,NSW,2001,Townhouse,2,4579
2121537,5,4,2707,Brisbane,QLD,1983,House,1,5473
1536075,2,2,1175,Sydney,NSW,2011,Townhouse,2,3298
2226438,5,2,2311,Sydney,NSW,2008,Townhouse,2,6591
2135157,2,3,3121,Brisbane,QLD,1990,House,2,6208
1972222,3,2,2251,Sydney,NSW,1992,Apartment,2,3688
1773249,1,2,2165,Melbourne,VIC,1983,House,2,3931
1732339,4,2,2005,Melbourne,VIC,1981,Apartment,1,4434
1524484,4,2,1057,Melbourne,VIC,2013,House,2,2043
2019903,3,2,2813,Brisbane,QLD,2022,House,1,6133
1799549,5,1,1633,Sydney,NSW,2001,House,1,4309
1876063,3,2,2302,Sydney,NSW,1984,Apartment,0,4906
1428351,3,3,1062,Sydney,NSW,1988,Townhouse,1,1907
1500211,4,2,1292,Melbourne,VIC,1999,House,0,2632
2242905,3,3,2861,Melbourne,VIC,2000,House,1,7480
1665783,3,1,1791,Sydney,NSW,1996,Townhouse,0,3827
2139302,5,1,2871,Brisbane,QLD,1991,House,2,5382
1525812,5,2,1953,Adelaide,SA,2007,Townhouse,1,4181
1055116,5,2,894,Perth,WA,1997,Apartment,0,1952
2109124,5,2,2535,Sydney,NSW,1982,Apartment,1,4929
1571347,2,3,1646,Melbourne,VIC,1984,House,0,4927
1878996,4,3,2419,Perth,WA,1993,House,2,6414
1946251,3,4,2015,Melbourne,VIC,2005,House,1,5115
1231040,5,2,1074,Perth,WA,1998,House,1,2988
1736678,3,2,2098,Perth,WA,2020,House,2,5245
2512848,3,2,3317,Sydney,NSW,1996,House,1,8912
1911744,3,1,2295,Melbourne,VIC,2018,Apartment,2,4864
1946482,3,2,1965,Sydney,NSW,2021,Townhouse,1,4423
2067053,2,2,2645,Sydney,NSW,1983,House,1,4154
1627155,4,2,2126,Perth,WA,2021,Apartment,1,4084
1588396,4,1,2125,Adelaide,SA,2014,Townhouse,0,4362
1110607,2,1,1345,Adelaide,SA,2003,House,0,3279
1955400,4,2,2140,Sydney,NSW,2020,Apartment,1,4700
1820157,3,2,2621,Adelaide,SA,1992,House,2,6321
1512261,3,3,1498,Perth,WA,2012,House,2,3850
1909109,3,2,2854,Perth,WA,1994,Townhouse,0,4464
1483978,4,1,1944,Adelaide,SA,1994,Townhouse,1,3670
1706633,4,2,1467,Melbourne,VIC,2010,House,2,2577
2171588,3,1,2598,Sydney,NSW,2022,House,0,4628
1809074,3,3,1827,Sydney,NSW,2007,Townhouse,1,4121
2035165,2,3,2455,Sydney,NSW,1989,Townhouse,1,6409
1455344,3,2,1824,Brisbane,QLD,1986,Apartment,2,3484
1817069,2,2,1964,Melbourne,VIC,2012,House,1,5375
1895219,3,4,2296,Melbourne,VIC,1986,Apartment,2,6518
1932824,3,2,2174,Sydney,NSW,1984,House,1,4405
1109444,5,3,802,Adelaide,SA,2005,Townhouse,1,2024
1638544,3,2,1327,Sydney,NSW,1995,House,1,2223
1929905,3,2,2557,Melbourne,VIC,1987,Apartment,1,6690
1878036,3,3,1920,Melbourne,VIC,2001,House,0,3356
1895177,4,2,1685,Sydney,NSW,2013,House,2,4266
1225414,4,2,1184,Brisbane,QLD,2019,Apartment,0,2527
1626743,4,2,1352,Melbourne,VIC,2007,House,2,3911
1228839,3,2,800,Melbourne,VIC,2015,Apartment,1,1757
1534889,4,3,1939,Perth,WA,1986,Apartment,1,2998
1730873,2,2,1640,Sydney,NSW,2019,House,0,3644
1259123,3,2,1420,Perth,WA,2022,Apartment,1,3824
1569263,3,3,1959,Perth,WA,2007,Apartment,1,4840
1702706,3,2,2218,Perth,WA,1981,House,2,6543
2458169,5,2,3255,Melbourne,VIC,1988,House,1,9002
1679403,4,3,1092,Sydney,NSW,1985,House,1,2502
2049881,2,4,2695,Melbourne,VIC,1980,House,0,4878
2119915,2,2,2583,Sydney,NSW,1982,House,2,3890
1667845,3,2,1532,Sydney,NSW,1989,Townhouse,2,4552
1949144,3,3,2121,Sydney,NSW,2016,Apartment,1,6169
1791423,3,3,1725,Melbourne,VIC,2023,House,0,3297
2092513,5,3,2111,Sydney,NSW,2002,Apartment,2,5188
2046068,5,2,2905,Adelaide,SA,2012,Apartment,2,7536
1757485,3,2,2363,Brisbane,QLD,1988,House,1,5594
2127324,4,2,2305,Sydney,NSW,1992,House,1,6372
1492904,3,3,1741,Perth,WA,2007,Apartment,2,2816
1067586,3,3,1109,Adelaide,SA,1986,House,0,3156
1729690,3,1,1874,Sydney,NSW,2005,Apartment,1,3914
2176282,3,2,2723,Sydney,NSW,1995,House,0,6050
1444680,4,2,1083,Melbourne,VIC,2019,Apartment,0,2348
1378785,3,4,1366,Perth,WA,2005,Apartment,2,3139
2027996,3,2,2075,Sydney,NSW,2018,House,1,4976
1453190,3,2,1409,Brisbane,QLD,2011,House,2,3615
1427581,5,1,1524,Brisbane,QLD,2015,Apartment,1,3487
1523234,3,2,1745,Brisbane,QLD,2021,Apartment,2,4412
1288849,4,1,1180,Melbourne,VIC,1980,Apartment,1,2370
1557089,4,3,1415,Melbourne,VIC,2000,Townhouse,0,4112
2204435,3,3,2422,Sydney,NSW,1992,House,2,3867
1419700,3,2,1215,Melbourne,VIC,2005,House,0,2818
1101476,4,2,1041,Brisbane,QLD,1988,Apartment,1,1698
1501089,3,3,1621,Perth,WA,2016,House,1,3510
1818337,5,2,2439,Perth,WA,2002,House,0,4601
1706858,3,2,1881,Sydney,NSW,1980,Apartment,0,5467
1787308,2,4,1721,Sydney,NSW,1981,Townhouse,2,2615
1780832,4,3,2026,Perth,WA,2022,House,1,4229
1177976,4,3,952,Adelaide,SA,2007,House,1,2546
2113789,5,1,2296,Sydney,NSW,2015,Apartment,1,4094
1725795,3,1,2230,Brisbane,QLD,2010,House,1,6073
1919117,5,1,1754,Melbourne,VIC,2020,House,2,4894
2084977,4,2,2603,Melbourne,VIC,1984,Apartment,2,6670
1429257,4,3,1323,Brisbane,QLD,2016,House,0,2400
1869969,3,2,2676,Perth,WA,2004,House,1,5107
1952575,3,3,2092,Sydney,NSW,1987,House,1,3663
1699938,5,2,1798,Brisbane,QLD,2013,House,1,3193
1496930,3,2,1988,Brisbane,QLD,2018,Apartment,1,3090
1901902,3,4,1935,Melbourne,VIC,2011,House,1,5392
1868634,3,2,2732,Brisbane,QLD,1990,House,0,6264
1632690,3,2,1353,Sydney,NSW,2004,House,1,2696
1588015,3,2,1542,Sydney,NSW,1982,Townhouse,0,2983
1829789,1,1,2621,Melbourne,VIC,2011,Townhouse,0,6074
1700374,4,2,1642,Melbourne,VIC,2014,Townhouse,2,3268
2155899,3,2,2540,Sydney,NSW,2011,House,1,7101
2343606,3,2,3019,Melbourne,VIC,2013,House,1,5485
1442061,2,3,1758,Brisbane,QLD,2016,Apartment,1,4966
1867451,1,2,2408,Melbourne,VIC,1984,House,2,6012
1441814,3,1,1307,Melbourne,VIC,2007,Apartment,1,3838
1927907,4,2,2452,Brisbane,QLD,2007,House,1,3734
1812964,2,1,2119,Sydney,NSW,1987,House,1,3367
2094103,5,2,2283,Melbourne,VIC,2006,House,2,5141
1837140,3,2,1612,Sydney,NSW,1995,House,2,4626
1229659,3,1,1003,Melbourne,VIC,1997,Apartment,1,2604
1894818,2,3,2301,Melbourne,VIC,2004,Apartment,2,5601
1355896,1,4,800,Sydney,NSW,1980,House,2,1237
1882810,4,3,1809,Sydney,NSW,1987,Townhouse,2,3675
2299377,4,2,2564,Sydney,NSW,2000,House,2,5177
1809954,3,2,2115,Melbourne,VIC,2013,Townhouse,1,4892
2532999,2,4,3169,Sydney,NSW,2003,House,2,5979
2123079,3,2,2615,Sydney,NSW,2016,Apartment,1,4970
1456078,3,3,1607,Brisbane,QLD,2005,Townhouse,1,3908
1817695,5,1,2016,Sydney,NSW,1993,Apartment,0,5881
1733241,3,1,1971,Melbourne,VIC,2008,House,0,4909
1183303,4,3,1050,Adelaide,SA,2009,House,0,2629
1369837,3,3,1435,Perth,WA,1982,House,2,4277
1735131,3,3,1663,Sydney,NSW,1986,House,0,2878
1264553,3,4,800,Melbourne,VIC,2015,Apartment,0,1240
1415204,2,1,2028,Brisbane,QLD,1990,Apartment,1,5311
1618320,4,2,1850,Adelaide,SA,2011,House,1,3993
1480596,3,4,996,Melbourne,VIC,1991,House,2,2135
1870212,4,1,2242,Melbourne,VIC,1994,Apartment,1,4121
1717900,2,2,2429,Perth,WA,2017,House,1,5491
2037412,5,2,2136,Sydney,NSW,2003,Apartment,2,4621
1371354,2,1,1805,Brisbane,QLD,1980,House,0,3643
2087249,4,2,2354,Melbourne,VIC,1997,House,2,5096
1610128,4,2,2408,Adelaide,SA,1986,Townhouse,0,4998
1911065,5,3,2184,Adelaide,SA,2021,House,2,6356
1646284,3,3,1505,Sydney,NSW,2020,Apartment,0,4471
2049637,4,2,2165,Sydney,NSW,1981,House,2,5977
2297872,3,2,2717,Sydney,NSW,2019,House,0,8112
1649849,2,2,1642,Sydney,NSW,2010,Townhouse,0,3117
2397727,3,1,3258,Melbourne,VIC,2012,Apartment,2,9008
1538132,2,2,1684,Melbourne,VIC,2009,Townhouse,0,3554
1939578,5,1,2019,Melbourne,VIC,2010,Townhouse,2,5289
1493821,2,2,1596,Brisbane,QLD,2013,House,2,2877
1881705,3,2,2133,Sydney,NSW,1986,Townhouse,1,5799
1143581,3,2,954,Brisbane,QLD,2004,House,1,1551
1392397,3,1,1672,Adelaide,SA,1995,House,2,3187
1462965,3,2,1344,Melbourne,VIC,2001,Apartment,2,3675
1970851,2,2,2081,Sydney,NSW,2015,House,1,5454
2119330,3,1,2596,Sydney,NSW,2006,Townhouse,1,5847
2196193,3,4,2387,Sydney,NSW,1996,House,1,5990
1149434,5,1,800,Brisbane,QLD,1983,House,1,1422
2643446,4,3,3225,Sydney,NSW,2014,House,1,8068
1848560,5,1,2177,Perth,WA,2020,House,2,3291
1355470,1,3,1534,Perth,WA,2001,House,2,4218
1906710,3,1,2094,Melbourne,VIC,2014,House,2,4763
1825140,2,3,2105,Melbourne,VIC,2023,Apartment,1,6139
1451366,1,2,1599,Melbourne,VIC,1994,Townhouse,1,3547
1798967,3,3,2118,Perth,WA,2019,House,2,4554
1889107,3,2,1635,Sydney,NSW,2023,House,2,3557
1388737,3,1,1757,Adelaide,SA,2000,House,1,3584
1543991,3,3,1588,Brisbane,QLD,1992,House,0,2779
1408147,4,1,1140,Melbourne,VIC,1990,House,1,3151
1939832,3,4,2087,Melbourne,VIC,2006,House,1,4349
1815758,3,1,2351,Melbourne,VIC,2010,Apartment,0,5392
2027337,3,2,2308,Melbourne,VIC,2023,House,1,3532
2147571,3,3,2491,Melbourne,VIC,2011,House,1,3963
1957002,2,2,2194,Sydney,NSW,2009,Townhouse,2,5257
1699122,3,2,1680,Sydney,NSW,1997,Apartment,1,4736
2168688,3,3,2503,Sydney,NSW,1995,House,1,5608
1572800,4,3,1185,Melbourne,VIC,2014,Apartment,2,2071
1667207,4,4,1459,Melbourne,VIC,1988,House,1,2443
1363508,3,2,1421,Brisbane,QLD,2018,Apartment,2,4050
2225282,3,2,2648,Sydney,NSW,2016,Townhouse,2,6758
2180732,3,2,2565,Sydney,NSW,1989,House,2,7566
1933034,4,2,2292,Sydney,NSW,1991,Apartment,1,3721
2116105,3,3,2643,Sydney,NSW,1987,Apartment,0,7543
1527144,3,2,1472,Sydney,NSW,1982,Apartment,1,4076
1584783,2,2,2209,Perth,WA,1998,Townhouse,2,6273
1518708,2,2,1924,Brisbane,QLD,1990,House,1,2903
1707731,4,3,2508,Adelaide,SA,1987,Apartment,1,6553
1899104,3,4,1930,Sydney,NSW,2005,Townhouse,0,4486
1429060,3,2,1769,Perth,WA,2002,House,1,4174
1773331,3,2,2324,Brisbane,QLD,1989,House,2,5122
1813824,3,3,2525,Brisbane,QLD,1997,Apartment,0,6602
1590737,4,2,1598,Melbourne,VIC,1991,Apartment,1,4796
1792401,4,1,1963,Melbourne,VIC,2018,House,0,5037
1311930,3,1,1364,Perth,WA,2005,House,2,3435
908419,1,1,800,Brisbane,QLD,1990,Townhouse,2,1985
1620795,3,2,2120,Brisbane,QLD,1989,House,1,5391
2043938,3,3,2365,Sydney,NSW,1982,House,0,4761
1893225,3,2,2157,Sydney,NSW,1986,Townhouse,1,4272
956264,3,2,830,Adelaide,SA,1983,House,1,2222
1735688,2,4,1789,Melbourne,VIC,2019,Apartment,1,2826
1019953,3,3,800,Brisbane,QLD,1987,Apartment,1,2111
2167019,2,2,2821,Melbourne,VIC,2017,Townhouse,2,7677
1449769,4,2,1348,Brisbane,QLD,1992,House,2,3077
2034279,3,1,2753,Sydney,NSW,1991,Townhouse,0,7888
2162900,4,1,2567,Sydney,NSW,2014,House,0,5673
1512441,1,1,1459,Melbourne,VIC,2017,House,1,2579
1575829,3,2,1320,Melbourne,VIC,2022,House,1,2696
2046290,4,2,2210,Melbourne,VIC,2015,House,1,6318
1331107,3,1,1493,Brisbane,QLD,1981,House,2,4466
1778024,4,1,2061,Melbourne,VIC,1994,Townhouse,0,4396
1341031,3,1,1710,Adelaide,SA,2013,Apartment,2,2993
1482218,3,2,931,Sydney,NSW,2018,Apartment,1,1796
1344277,3,2,800,Sydney,NSW,2005,Apartment,2,1863
1530674,3,2,2136,Adelaide,SA,1984,House,1,5037
1568722,3,2,1663,Brisbane,QLD,2004,House,2,4066
1500061,3,2,1668,Brisbane,QLD,2013,House,0,4592
2032603,3,1,2417,Sydney,NSW,1983,House,2,6205
1872049,3,2,2704,Adelaide,SA,2013,House,0,5114
1530491,3,3,1836,Brisbane,QLD,2006,Apartment,1,3842
1663650,3,4,1795,Brisbane,QLD,2021,House,0,4955
1442130,1,2,2300,Adelaide,SA,2008,Apartment,0,5635
1499963,3,4,1185,Melbourne,VIC,1984,House,0,2074
1906952,4,2,2133,Melbourne,VIC,1997,House,0,4242
1930099,4,1,2331,Melbourne,VIC,1983,House,1,6262
1856321,3,4,2408,Brisbane,QLD,1980,Apartment,2,4233
1172872,5,1,837,Brisbane,QLD,1999,House,1,2125
1459543,3,2,1543,Brisbane,QLD,1985,House,2,3619
1753000,5,2,1473,Sydney,NSW,1999,House,0,2535
1538590,4,2,2059,Perth,WA,1999,Apartment,1,5218
1726904,4,2,2288,Brisbane,QLD,2006,Apartment,0,3921
2241500,2,2,2898,Sydney,NSW,2005,House,0,6079
1631165,3,2,1703,Melbourne,VIC,2011,House,0,3342
1236503,1,2,1701,Adelaide,SA,1989,House,1,4313
2166621,4,2,2689,Melbourne,VIC,1997,House,0,7191
2129184,3,4,2177,Sydney,NSW,2020,Townhouse,2,3816
2330691,4,3,2760,Sydney,NSW,1991,House,1,7503
2020757,3,2,2173,Sydney,NSW,1989,House,2,3283
1642345,4,1,1305,Sydney,NSW,2003,House,2,2996
1128267,2,3,1200,Perth,WA,2003,Apartment,1,2730
1463154,2,1,1069,Sydney,NSW,2017,Townhouse,2,2604
1769774,3,2,2397,Perth,WA,2004,House,0,4457
2132389,3,2,2713,Sydney,NSW,1987,Apartment,2,4109
2111715,3,3,3109,Adelaide,SA,1993,House,1,6785
2151257,4,1,2505,Sydney,NSW,2022,Apartment,1,4027
1843815,2,1,2697,Brisbane,QLD,2010,House,1,7656
1809745,3,2,1651,Sydney,NSW,2003,House,2,2908
1481814,4,2,1306,Melbourne,VIC,1995,Apartment,2,2792
1894930,2,2,2510,Sydney,NSW,1999,Apartment,0,5399
2096399,5,2,2250,Melbourne,VIC,2017,Townhouse,1,5242
2007513,5,2,2064,Melbourne,VIC,1994,House,2,5519
1613087,2,1,2232,Perth,WA,1993,House,2,4929
1903244,3,1,2193,Sydney,NSW,1991,House,0,3375
2220279,3,3,2770,Sydney,NSW,2013,Apartment,1,7359
2401020,4,3,2776,Sydney,NSW,1987,House,2,4507
1939620,3,2,2326,Melbourne,VIC,1998,Apartment,2,5728
2088845,3,1,2507,Sydney,NSW,1984,House,1,6783
2169566,4,1,2308,Sydney,NSW,2006,House,2,4441
1406995,2,2,1723,Brisbane,QLD,2020,Apartment,1,3745
2189230,4,3,2453,Sydney,NSW,1992,House,2,3733
1366855,4,2,1163,Brisbane,QLD,2011,House,1,3147
2146695,3,2,2632,Sydney,NSW,2010,Apartment,1,6725
1777317,4,3,1283,Melbourne,VIC,2020,House,2,2370
1732018,4,4,2171,Adelaide,SA,2016,Apartment,0,4528
1667819,3,1,1492,Sydney,NSW,1981,House,2,3796
1846117,3,1,2332,Sydney,NSW,1986,Apartment,1,4750
1497581,3,1,1979,Perth,WA,1990,House,2,3451
1175088,2,3,1043,Brisbane,QLD,1990,House,1,2376
1984627,5,3,2252,Melbourne,VIC,2002,Apartment,1,5823
1710487,2,2,1653,Melbourne,VIC,2010,House,2,3275
2254677,3,1,2528,Sydney,NSW,2023,House,2,4254
1588187,3,2,2000,Perth,WA,1987,House,1,5490
1622559,1,2,2237,Brisbane,QLD,2011,Townhouse,1,4204
1479839,5,2,1425,Brisbane,QLD,2000,House,1,3234
1458946,4,2,1646,Adelaide,SA,2010,House,1,4176
1610751,3,1,1724,Melbourne,VIC,1980,House,2,3407
2035328,3,3,2514,Melbourne,VIC,1992,Townhouse,1,6217
1867631,2,2,3006,Adelaide,SA,1990,House,2,6582
1727815,3,2,1516,Sydney,NSW,2008,House,1,3573
2100719,3,1,2646,Sydney,NSW,1983,House,0,6313
1363496,3,3,800,Sydney,NSW,2015,Apartment,0,2188
1335599,5,2,1283,Adelaide,SA,1994,House,1,3188
1385349,3,4,1424,Brisbane,QLD,1982,House,1,2701
1510305,4,2,1188,Melbourne,VIC,2008,House,1,1889
1660315,3,4,1049,Sydney,NSW,2000,House,2,1577
1945872,3,3,2247,Sydney,NSW,1981,Townhouse,1,6421
1792061,4,2,1871,Sydney,NSW,1985,Apartment,2,5452
1808865,3,4,2227,Adelaide,SA,2010,House,2,3655
1844621,4,2,2414,Brisbane,QLD,2003,House,0,5385
1670372,3,2,2159,Adelaide,SA,2019,Apartment,2,3730
1896752,2,1,2394,Melbourne,VIC,1996,House,1,6999
1628422,4,2,1958,Brisbane,QLD,1984,House,1,3662
1485765,3,3,1287,Melbourne,VIC,1981,House,1,2900
2013419,4,3,2634,Perth,WA,1991,House,2,4606
1432035,5,1,1646,Adelaide,SA,1984,House,2,3291
1264823,2,2,1438,Adelaide,SA,2021,House,1,2733
1685710,3,1,1893,Melbourne,VIC,2020,Townhouse,0,4190
1570525,3,2,1452,Sydney,NSW,1999,Apartment,1,3092
1385889,3,1,1749,Brisbane,QLD,1987,House,0,3492
2090512,4,4,2206,Sydney,NSW,1980,Apartment,1,3660
1938303,3,2,2209,Sydney,NSW,1985,Apartment,2,4918
1652066,3,2,1461,Sydney,NSW,1990,House,1,4055
1712613,4,3,1707,Melbourne,VIC,1982,House,0,4431
2048241,2,2,2644,Melbourne,VIC,2010,House,1,6825
1940862,4,1,2297,Melbourne,VIC,2007,House,1,4708
2478625,3,2,3245,Melbourne,VIC,2022,House,1,8315
2292389,5,1,2708,Sydney,NSW,1984,House,1,5953
2106119,3,4,2686,Brisbane,QLD,2005,House,2,4635
1264865,2,2,1167,Brisbane,QLD,1995,House,2,2484
2172816,3,2,2458,Sydney,NSW,2010,House,1,4176
1501145,2,2,1968,Brisbane,QLD,2007,Apartment,1,3290
1467026,5,1,1669,Brisbane,QLD,1986,House,0,2561
1821397,1,3,2100,Melbourne,VIC,2017,House,2,4042
2144190,4,4,2567,Melbourne,VIC,1988,Apartment,1,5124
1980124,3,3,2300,Melbourne,VIC,2018,Apartment,2,5864
1722569,3,2,1472,Sydney,NSW,2014,Townhouse,2,3398
1815366,2,2,2445,Brisbane,QLD,2022,House,1,6817
1573837,3,1,1617,Melbourne,VIC,2006,Apartment,2,2854
1951597,3,2,2130,Sydney,NSW,1991,Apartment,2,4044
1578038,3,2,1817,Brisbane,QLD,2004,House,1,5293
1681343,5,2,1868,Brisbane,QLD,2022,Apartment,1,4047
2295622,3,4,2459,Sydney,NSW,2008,House,2,6600
1320588,3,1,1375,Brisbane,QLD,2010,House,1,3079
2335151,3,1,3167,Melbourne,VIC,2013,House,1,6988
1247231,2,1,907,Sydney,NSW,2012,Apartment,0,1562
1547528,5,2,1641,Brisbane,QLD,2006,Townhouse,1,4557
1883703,3,1,2222,Melbourne,VIC,1981,House,2,3594
1901446,2,2,2350,Sydney,NSW,1993,Apartment,1,4619
1539328,3,2,1939,Perth,WA,1992,Townhouse,2,4869
1444359,3,1,1965,Perth,WA,2003,Apartment,1,4443
1636224,3,3,2246,Perth,WA,1984,Apartment,2,6339
1827051,3,2,1861,Melbourne,VIC,2013,House,1,2901
1893164,2,2,2835,Perth,WA,2002,House,0,7016
1856227,3,2,2503,Perth,WA,1998,House,1,5548
1811616,4,2,2523,Adelaide,SA,2009,Townhouse,2,4369
1301595,2,4,1420,Adelaide,SA,2022,Apartment,1,3713
1804169,4,1,1952,Melbourne,VIC,1995,Townhouse,2,4133
1873666,2,2,1819,Sydney,NSW,2019,House,1,4180
1693519,4,3,1396,Sydney,NSW,2013,Apartment,1,4121
1840335,3,2,2216,Melbourne,VIC,1990,Apartment,2,4940
1399736,3,2,1677,Perth,WA,1993,House,1,4587
1679489,2,2,2393,Brisbane,QLD,1994,Townhouse,1,6352
1257138,2,2,1357,Brisbane,QLD,2014,House,0,3386
2343032,3,3,3031,Melbourne,VIC,1986,House,1,8625
1646152,2,1,1462,Sydney,NSW,2008,House,2,2745
2059966,3,1,2131,Sydney,NSW,2023,House,1,5821
1866999,3,2,2475,Brisbane,QLD,2001,House,2,5115
1527967,3,2,1657,Brisbane,QLD,2002,House,2,4506
1882255,4,2,2511,Perth,WA,2003,House,1,5627
1460085,3,2,1262,Melbourne,VIC,2014,Apartment,1,3518
1901813,3,1,2871,Adelaide,SA,1989,House,2,8160
1844905,3,1,2008,Sydney,NSW,1987,House,2,4813
1777608,3,4,1642,Melbourne,VIC,1991,House,1,3713
1849973,3,1,1820,Sydney,NSW,2008,House,1,4869
2187515,4,2,2485,Sydney,NSW,2008,House,1,4723
1381421,3,2,1649,Adelaide,SA,2002,House,0,2511
1274794,1,4,1550,Perth,WA,2005,Apartment,2,3272
1976507,3,3,1867,Sydney,NSW,2016,House,1,4222
1646352,3,3,1293,Sydney,NSW,2011,House,0,2517
2517136,4,1,3092,Sydney,NSW,2017,House,2,6416
1871783,4,3,1660,Sydney,NSW,1985,House,2,2821
1711245,2,2,2498,Brisbane,QLD,1987,Apartment,2,4787
1787971,2,2,2125,Melbourne,VIC,1996,House,1,3954
1465399,3,2,1409,Melbourne,VIC,1991,Apartment,1,2750
1957454,3,3,1996,Sydney,NSW,2001,House,0,3890
2105834,3,3,2470,Sydney,NSW,1993,Apartment,2,5776
1934512,4,3,1887,Melbourne,VIC,2013,Townhouse,2,3539
2070908,3,4,2715,Brisbane,QLD,1998,House,2,7907
1799576,3,2,2612,Adelaide,SA,1985,House,2,5923
1964093,1,2,2551,Sydney,NSW,1997,House,0,4320
1744149,4,1,1724,Melbourne,VIC,2015,House,1,3309
1710180,3,3,1352,Sydney,NSW,2016,House,1,3508
1712611,4,1,1631,Sydney,NSW,2017,Apartment,2,2481
1910306,3,3,2117,Sydney,NSW,1994,Townhouse,0,6155
1724947,3,2,2327,Adelaide,SA,2017,House,1,5045
1025909,4,2,800,Perth,WA,2019,Apartment,0,1825
1819132,4,1,1995,Sydney,NSW,1988,Apartment,1,5950
1860900,3,2,2094,Melbourne,VIC,1985,House,2,4724
1662998,3,3,1833,Melbourne,VIC,1981,Apartment,1,5356
2340499,4,1,2774,Sydney,NSW,1995,House,2,7971
1616819,3,2,2253,Brisbane,QLD,1980,Apartment,1,6560
2078092,2,1,2786,Melbourne,VIC,2009,House,0,7574
1942346,5,2,1870,Melbourne,VIC,2012,House,1,3637
1573576,2,1,2562,Perth,WA,1980,Apartment,2,5175
2029738,1,2,2981,Brisbane,QLD,2018,House,1,6103
2029398,1,3,2787,Sydney,NSW,1995,Apartment,0,8274
1532791,3,2,1344,Melbourne,VIC,1996,House,1,2744
1932403,3,2,1847,Sydney,NSW,2017,House,1,3072
1740741,3,2,1792,Melbourne,VIC,1997,House,1,4782
1836146,3,1,2293,Melbourne,VIC,2001,House,1,4699
1832467,3,2,2411,Perth,WA,2001,House,2,5864
1420766,3,2,1496,Perth,WA,2014,Townhouse,2,4320
1480784,2,2,2040,Perth,WA,2010,House,0,4822
1512321,5,2,800,Melbourne,VIC,2019,House,2,1965
1971682,3,2,2865,Brisbane,QLD,2006,Apartment,2,7060
1748030,5,3,1692,Brisbane,QLD,2015,House,2,4093
1972608,2,4,2033,Sydney,NSW,1983,House,1,3537
1715607,4,1,1814,Melbourne,VIC,1984,House,1,3963
2262064,3,2,2687,Sydney,NSW,2004,House,2,4062
1280050,2,2,800,Melbourne,VIC,2010,House,2,1951
1441275,4,1,1990,Perth,WA,1993,Apartment,1,4702
1942349,4,3,1936,Sydney,NSW,2009,House,0,3828
1454047,3,3,1727,Brisbane,QLD,1991,Townhouse,1,3949
2354359,4,2,3035,Melbourne,VIC,2006,House,0,6798
1169413,3,2,1467,Adelaide,SA,2003,Apartment,0,2753
1780525,4,1,2463,Brisbane,QLD,2009,Apartment,1,4778
1608526,3,2,2213,Adelaide,SA,1997,House,1,5852
2297408,3,3,2756,Sydney,NSW,1993,House,1,7260
1300053,3,2,1599,Adelaide,SA,1998,Townhouse,1,3526
1520554,3,2,1560,Melbourne,VIC,2001,Apartment,0,4019
1969934,4,2,2657,Brisbane,QLD,2005,House,0,5783
1870259,2,2,2255,Sydney,NSW,1986,House,0,6262
1100993,2,2,1073,Brisbane,QLD,2007,Townhouse,1,2145
1448497,3,2,1676,Adelaide,SA,2017,House,1,4846
1666393,3,2,2231,Brisbane,QLD,1984,House,1,5163
1812678,2,3,2502,Brisbane,QLD,2015,Townhouse,1,5764
1708597,3,3,1592,Melbourne,VIC,1997,House,1,3991
1362736,5,1,800,Melbourne,VIC,1993,House,1,1609
1988469,3,4,2313,Melbourne,VIC,2002,Apartment,2,5984
1338910,3,2,1267,Melbourne,VIC,1993,Apartment,1,2511
1186736,4,3,800,Perth,WA,2011,House,2,1677
1002069,3,3,800,Perth,WA,1984,Townhouse,1,2009
1827458,5,2,2488,Adelaide,SA,2001,Townhouse,2,5145
1979637,4,3,2077,Melbourne,VIC,2007,House,1,3738
1748074,3,1,1864,Melbourne,VIC,2022,House,1,5235
2068466,3,1,2833,Melbourne,VIC,1991,Townhouse,1,8169
1826016,3,2,2382,Brisbane,QLD,1997,House,2,5813
2474696,3,3,2969,Sydney,NSW,2015,House,1,8068
1294237,4,3,1164,Perth,WA,2010,Apartment,2,3469
1738290,3,2,1979,Sydney,NSW,1992,Apartment,1,4794
1341067,3,2,1029,Melbourne,VIC,1999,Apartment,2,2949
1500476,3,2,1862,Perth,WA,2015,Apartment,2,3797
1477833,1,4,1850,Adelaide,SA,1986,House,2,4720
1600482,1,2,2375,Brisbane,QLD,2002,Apartment,2,3762
2107794,4,3,2027,Sydney,NSW,2013,House,1,5440
2034042,3,2,2374,Melbourne,VIC,2011,House,1,6516
2094269,3,2,2422,Sydney,NSW,2000,House,1,5090
2058783,3,2,3292,Adelaide,SA,1985,House,0,8095
1961903,4,4,1810,Sydney,NSW,1995,House,0,5047
1307643,3,2,1435,Adelaide,SA,2014,House,1,4055
1667437,4,4,2147,Adelaide,SA,1999,Apartment,2,3564
1371022,3,1,1518,Perth,WA,2021,House,0,4162
2535903,5,2,2889,Sydney,NSW,2020,House,1,5522
1873864,3,3,1830,Sydney,NSW,1990,House,1,4741
1539826,3,3,1660,Brisbane,QLD,2011,Townhouse,2,3300
1358108,3,4,1717,Perth,WA,1993,Apartment,0,2720
1724106,3,1,2431,Adelaide,SA,2003,House,1,4411
1792922,2,1,1905,Sydney,NSW,2023,Townhouse,2,4026
1537896,3,2,1614,Brisbane,QLD,2018,House,1,4218
2296245,3,1,2999,Melbourne,VIC,2022,Apartment,2,4951
1685788,2,4,1486,Melbourne,VIC,2010,House,2,4041
1692684,5,2,2021,Brisbane,QLD,1996,House,0,6054
2034458,3,2,2391,Melbourne,VIC,2004,House,2,6414
1440780,4,1,1021,Sydney,NSW,1988,Apartment,2,2257
2026555,3,2,2288,Sydney,NSW,2001,House,0,5382
1542740,3,2,1366,Melbourne,VIC,2014,House,1,2063
1917762,3,1,2493,Melbourne,VIC,2016,Apartment,1,4523
1617986,3,2,1422,Melbourne,VIC,1996,House,2,4051
2096008,5,2,2415,Sydney,NSW,2007,Apartment,0,3702
1855610,3,4,2663,Adelaide,SA,1980,House,2,7610
1853461,4,2,2516,Perth,WA,1988,House,1,4202
1694932,5,2,2150,Perth,WA,1992,Apartment,2,3655
1917790,3,4,1861,Sydney,NSW,2011,Townhouse,1,3281
1854859,5,3,1654,Sydney,NSW,2007,Apartment,1,4464
2097261,3,4,2882,Perth,WA,2010,House,1,6391
1896318,5,4,1580,Sydney,NSW,1987,Townhouse,2,2714
1611945,4,2,1377,Melbourne,VIC,1987,House,1,3486
2090826,1,2,2399,Sydney,NSW,2013,House,2,6984
1608539,5,1,1522,Melbourne,VIC,2002,Townhouse,0,3590
1327749,3,2,1429,Perth,WA,1989,House,2,2356
1305367,3,3,1133,Perth,WA,2016,House,2,1793
1394833,3,2,1710,Adelaide,SA,2004,Townhouse,1,4607
1573212,2,3,1950,Adelaide,SA,2012,House,2,4757
1665953,3,3,2145,Brisbane,QLD,1983,House,1,6188
2235350,4,2,2570,Melbourne,VIC,1986,House,2,5966
1945124,1,3,2316,Sydney,NSW,2012,Townhouse,0,3690
1447336,3,2,1885,Brisbane,QLD,1981,House,0,3969
1855913,1,2,1881,Sydney,NSW,2011,House,2,4678
1788690,3,3,2306,Perth,WA,1984,House,2,4790
2209554,4,2,2763,Melbourne,VIC,1996,House,1,8288
1660294,4,3,2075,Brisbane,QLD,1991,Apartment,2,4375
1588535,5,2,1718,Brisbane,QLD,1991,House,1,3985
1664391,3,2,1404,Melbourne,VIC,2014,House,2,2581
1213682,3,3,1132,Brisbane,QLD,2000,Apartment,1,1957
1861618,5,2,2399,Perth,WA,2000,House,1,5922
1731391,4,2,2346,Brisbane,QLD,1981,Apartment,1,5592
1730199,3,1,2346,Brisbane,QLD,2000,House,2,3534
1709274,3,3,1922,Melbourne,VIC,1994,Apartment,1,3705
1986265,5,1,2844,Adelaide,SA,1990,House,2,7011
1706995,4,3,1709,Melbourne,VIC,1989,Apartment,2,4647
1753475,3,2,2573,Perth,WA,1997,Townhouse,1,5065
1573604,4,2,1976,Perth,WA,2002,Apartment,1,4884
1671537,1,4,1634,Sydney,NSW,2010,Apartment,1,3103
1566262,3,1,2355,Adelaide,SA,2005,Apartment,1,5972
1553460,3,2,2245,Adelaide,SA,1981,House,0,5719
1821325,2,3,2214,Brisbane,QLD,2018,House,2,3753
1434917,1,3,2048,Brisbane,QLD,1986,Apartment,1,5117
1354683,2,2,1977,Adelaide,SA,2003,Apartment,2,3955
2655927,3,2,3433,Sydney,NSW,2018,House,1,6038
1990264,4,3,2710,Adelaide,SA,2011,House,1,6100
1996140,5,3,2433,Brisbane,QLD,2005,House,1,5301
1692224,3,3,2067,Perth,WA,2002,House,2,5500
2030074,3,2,2604,Melbourne,VIC,1993,Townhouse,1,4236
2138844,5,4,2310,Melbourne,VIC,2008,Apartment,2,6203
1532525,2,2,2015,Perth,WA,2004,House,1,3344
1848850,4,1,1817,Melbourne,VIC,2010,House,2,3292
1857265,4,2,1951,Melbourne,VIC,1981,House,2,4437
936676,2,1,800,Brisbane,QLD,1981,House,2,1755
1919365,4,1,2126,Melbourne,VIC,2002,House,1,6343
1659071,4,2,1706,Melbourne,VIC,1990,Townhouse,1,4069
2279292,1,1,2955,Sydney,NSW,2008,House,2,5885
1826714,2,2,2011,Melbourne,VIC,2021,House,1,5733
1525466,1,1,1286,Sydney,NSW,2014,House,2,2532
1738485,3,2,1970,Melbourne,VIC,1988,Apartment,2,3764
1404549,3,1,1372,Melbourne,VIC,2011,Apartment,1,3076
1756278,3,1,2284,Brisbane,QLD,2009,House,1,6554
2001553,3,2,2174,Sydney,NSW,1994,House,0,5572
2241838,5,2,2574,Sydney,NSW,1993,Townhouse,1,6478
1550558,3,4,1525,Brisbane,QLD,1996,House,2,3949
1738979,1,3,2020,Melbourne,VIC,2001,Apartment,2,5029
1523371,3,3,1180,Melbourne,VIC,2009,House,0,3117
2001613,3,1,2420,Sydney,NSW,1996,Apartment,2,4331
1886861,3,2,2311,Melbourne,VIC,1995,House,0,4081
1545324,3,1,2297,Perth,WA,1987,Townhouse,1,4694
1723522,2,3,2000,Melbourne,VIC,2018,Apartment,0,5555
2083823,4,1,2248,Sydney,NSW,2010,House,2,5783
2437795,5,2,2962,Melbourne,VIC,1991,House,2,6961
1461001,3,2,1828,Adelaide,SA,2012,House,1,2796
1778930,3,2,2083,Melbourne,VIC,1991,Townhouse,1,3861
1721867,3,4,1348,Sydney,NSW,2004,House,1,3647
1514216,4,3,1479,Adelaide,SA,2017,House,2,2756
1927108,3,3,2058,Melbourne,VIC,1997,House,1,5343
1902785,5,2,2662,Brisbane,QLD,1998,Apartment,1,4730
1916642,3,3,1846,Sydney,NSW,1982,House,2,4448
1872484,3,2,1858,Sydney,NSW,2014,House,1,4538
1660208,3,4,1755,Melbourne,VIC,1984,Townhouse,0,4614
1927134,5,2,1679,Sydney,NSW,2014,Apartment,1,3622
2136074,4,2,2176,Sydney,NSW,2006,House,2,5331
1120772,1,2,1101,Adelaide,SA,2016,House,2,2457
2245285,3,2,2768,Sydney,NSW,2000,House,0,8086
1480637,3,3,1600,Brisbane,QLD,1995,House,1,3654
2127479,3,4,2433,Melbourne,VIC,2007,House,1,4414
1303525,4,2,1238,Adelaide,SA,2004,House,1,3097
1864220,4,2,2401,Adelaide,SA,2012,House,1,5577
2021043,4,2,2403,Melbourne,VIC,1996,House,0,6502
2106092,5,3,2230,Melbourne,VIC,2022,Apartment,1,3937
1454725,3,2,1403,Brisbane,QLD,2009,House,2,2654
2001713,4,1,2149,Sydney,NSW,2020,Townhouse,1,6196
1361312,4,2,1290,Brisbane,QLD,1983,House,2,3735
1341663,3,1,1848,Adelaide,SA,1981,House,1,3998
2343219,4,3,2617,Sydney,NSW,1988,House,1,4113
1689384,2,2,2478,Perth,WA,2010,Apartment,1,4856
2007042,4,2,2009,Sydney,NSW,2004,House,1,3758
1690261,3,3,1415,Melbourne,VIC,2016,House,2,3002
2054826,3,1,2387,Melbourne,VIC,2015,House,2,4719
1698205,3,1,2011,Melbourne,VIC,1984,House,1,5518
1256299,3,2,800,Melbourne,VIC,2003,Townhouse,2,1203
2184293,3,2,2469,Sydney,NSW,2003,House,2,6092
1374813,1,2,1985,Brisbane,QLD,2008,Apartment,0,4956
2278361,3,4,2721,Sydney,NSW,2010,Apartment,1,6779
1652653,3,3,1342,Melbourne,VIC,2016,House,1,3062
1532197,4,3,800,Sydney,NSW,1998,Townhouse,2,1933
2212779,5,4,2167,Sydney,NSW,2002,House,0,5886
1746097,3,2,2174,Brisbane,QLD,2014,House,1,5820
1518700,4,2,985,Sydney,NSW,1985,House,1,1529
1222263,3,2,1412,Brisbane,QLD,1985,Apartment,1,2183
2655949,4,3,3653,Melbourne,VIC,2016,Townhouse,2,10076
1560404,3,2,1816,Perth,WA,2009,House,1,4291
1971793,3,2,2438,Sydney,NSW,1980,Townhouse,1,7160
1399305,3,2,1609,Brisbane,QLD,1987,Townhouse,2,3456
1167072,1,2,800,Melbourne,VIC,2007,House,1,1412
1921850,4,2,1897,Sydney,NSW,2004,House,1,4193
1730907,4,3,1840,Brisbane,QLD,2012,House,2,3966
1436964,3,2,1760,Brisbane,QLD,2017,Apartment,2,4005
1957225,3,4,1931,Sydney,NSW,1993,House,1,5237
1543908,4,2,2158,Adelaide,SA,1990,Apartment,1,5360
1633463,4,3,1909,Brisbane,QLD,1981,Townhouse,2,3395
1459551,3,4,1241,Melbourne,VIC,2009,Apartment,1,3230
2157372,3,4,2291,Sydney,NSW,2009,Apartment,2,5472
1213838,3,1,830,Melbourne,VIC,1983,Apartment,2,1965
1317841,3,2,800,Sydney,NSW,1992,Apartment,1,2013
2051764,2,2,2443,Sydney,NSW,1986,House,2,5732
1958113,3,2,2304,Melbourne,VIC,2017,House,0,5037
1933597,4,2,1965,Sydney,NSW,1982,House,2,4836
1611992,3,4,1162,Melbourne,VIC,1988,House,2,3006
1772312,5,1,1575,Sydney,NSW,1993,House,1,2896
1867786,4,2,1842,Sydney,NSW,1990,House,1,4137
1502238,5,1,1042,Sydney,NSW,2016,Apartment,0,2280
1653541,3,3,1556,Melbourne,VIC,1993,House,0,2428
2089348,4,4,2391,Melbourne,VIC,1998,Apartment,1,6580
1764733,1,2,2856,Brisbane,QLD,1987,Apartment,2,5901
1279558,3,1,1748,Adelaide,SA,1986,Townhouse,1,2813
2186112,3,3,2453,Sydney,NSW,1986,House,1,5366
1399271,3,2,851,Sydney,NSW,1982,House,2,1483
1722901,4,2,2395,Brisbane,QLD,1982,Apartment,1,6124
1860029,4,3,1517,Sydney,NSW,1997,House,2,3578
1920890,1,4,2184,Sydney,NSW,2012,Apartment,1,4161
1864706,3,2,1851,Sydney,NSW,2016,Townhouse,1,5416
2234188,3,2,2792,Melbourne,VIC,2007,House,1,5410
1717984,3,2,1475,Melbourne,VIC,2015,House,2,3441
1702796,4,2,2376,Adelaide,SA,1995,House,0,6422
1638553,3,2,1832,Melbourne,VIC,1994,Townhouse,0,4160
1716121,5,2,1905,Brisbane,QLD,2008,House,1,5603
1748699,2,1,1889,Melbourne,VIC,1997,House,2,5226
1642705,3,2,1492,Sydney,NSW,1998,House,0,4300
1837246,3,1,1991,Sydney,NSW,2008,Apartment,2,4100
1460470,3,2,1962,Perth,WA,1985,Apartment,2,4557
2019397,3,2,2144,Sydney,NSW,2006,House,1,5920
1925879,4,2,2050,Sydney,NSW,1986,House,1,5855
2239838,4,2,2478,Sydney,NSW,2006,House,1,7229
2086683,3,2,2554,Sydney,NSW,1998,Apartment,1,7199
1689073,3,3,1369,Sydney,NSW,1996,House,1,3555
1835366,2,2,2521,Brisbane,QLD,2020,House,0,3873
1578050,3,4,1288,Sydney,NSW,1990,Apartment,1,2540
1837584,3,2,2352,Melbourne,VIC,1984,Townhouse,1,3984
1663159,2,2,2371,Perth,WA,1981,House,1,4108
1053379,4,1,853,Brisbane,QLD,1991,House,1,1652
1991988,4,2,2055,Melbourne,VIC,2021,House,2,3314
1772494,5,3,1718,Brisbane,QLD,2021,House,1,3204
1654555,3,4,1544,Sydney,NSW,1990,Apartment,1,4534
2136986,5,4,2810,Brisbane,QLD,1989,House,0,5530
1628910,3,2,1607,Melbourne,VIC,2007,Apartment,1,2796
1572452,3,2,1516,Melbourne,VIC,1986,House,1,3907
1708108,5,2,2045,Brisbane,QLD,1993,House,1,5610
1913680,3,2,2411,Melbourne,VIC,1992,Apartment,1,4752
1627245,1,1,1915,Melbourne,VIC,1984,House,2,3672
2361565,4,3,2699,Melbourne,VIC,2021,House,2,5028
1993192,5,4,2318,Melbourne,VIC,1987,Townhouse,0,4845
1069199,4,2,800,Brisbane,QLD,1980,Apartment,2,1304
1592131,3,2,1682,Melbourne,VIC,1984,Townhouse,0,4212
1697565,3,1,1662,Sydney,NSW,1990,House,1,4545
1925545,5,2,2287,Brisbane,QLD,2022,House,1,5708
853002,2,2,800,Adelaide,SA,1989,Townhouse,1,1705
2716591,3,4,3529,Sydney,NSW,1994,House,1,6823
1776349,3,2,2318,Perth,WA,2018,Townhouse,2,4901
1834496,3,2,2089,Melbourne,VIC,2008,Townhouse,1,4462
1877375,3,2,2708,Brisbane,QLD,2004,Apartment,1,6769
2080264,2,1,3406,Perth,WA,1985,House,1,9851
1952034,3,4,2522,Brisbane,QLD,1990,Townhouse,1,4050
1697415,3,2,2569,Perth,WA,1996,Apartment,0,7528
1892621,2,4,2078,Sydney,NSW,1994,Apartment,1,5955
1731222,3,2,1915,Sydney,NSW,1995,Apartment,1,3210
1711588,4,3,1714,Melbourne,VIC,1981,House,1,3043
1315709,3,1,1504,Perth,WA,2015,House,0,2959
1346114,3,2,1587,Perth,WA,1998,House,0,3714
1757656,5,3,1189,Sydney,NSW,2017,House,1,2024
1829808,3,3,1954,Sydney,NSW,2000,Apartment,1,3519
1163271,3,3,989,Perth,WA,1990,House,1,2823
1924206,3,2,2114,Melbourne,VIC,2020,House,1,3518
1703136,4,4,1978,Brisbane,QLD,1982,House,1,4150
1847187,5,4,2088,Perth,WA,2013,House,1,5522
1765550,5,1,1686,Sydney,NSW,1997,Apartment,2,4778
2791489,4,4,3846,Sydney,NSW,1994,Apartment,1,7707
1998546,3,2,2816,Perth,WA,2004,House,2,4918
1362977,1,2,1253,Sydney,NSW,1994,Apartment,1,3265
2047277,3,2,2139,Sydney,NSW,2009,House,2,5689
1680314,2,4,1635,Sydney,NSW,1996,Apartment,2,4856
1563500,4,1,1391,Melbourne,VIC,1997,House,2,2378
1622788,3,2,1195,Sydney,NSW,2010,House,2,3066
1683667,1,2,2259,Brisbane,QLD,2022,House,0,4803
1353992,4,2,1591,Adelaide,SA,1997,House,0,4569
2186101,3,2,2580,Sydney,NSW,2014,Townhouse,1,5449
1806344,3,1,2596,Brisbane,QLD,1992,Townhouse,1,5631
2264963,3,3,2824,Sydney,NSW,1993,Apartment,2,4773
1804547,3,4,1488,Sydney,NSW,2015,House,0,2949
2040509,3,3,2285,Melbourne,VIC,1997,House,2,4801
1504659,2,3,2379,Adelaide,SA,1984,Apartment,0,3631
1349712,3,2,1715,Adelaide,SA,1993,House,1,3699
1788623,4,2,1536,Sydney,NSW,2004,Townhouse,2,3080
2516566,5,2,2965,Sydney,NSW,2023,House,0,8024
1570597,3,1,2136,Adelaide,SA,2018,House,1,3548
2069488,3,4,2381,Sydney,NSW,1991,Townhouse,0,6288
1399299,4,1,1506,Brisbane,QLD,2019,Townhouse,2,3873
1775782,5,4,1268,Sydney,NSW,2007,Townhouse,2,2362
1534789,3,1,1658,Brisbane,QLD,2014,House,2,2694
1680019,3,3,1925,Melbourne,VIC,1980,Apartment,1,5319
1538573,4,1,1361,Melbourne,VIC,1982,House,1,2551
1555223,3,1,1994,Perth,WA,2022,House,0,3426
1428700,2,3,986,Sydney,NSW,1986,House,1,2011
1430934,3,2,1327,Melbourne,VIC,1988,Townhouse,1,2790
2015850,2,3,2402,Melbourne,VIC,2015,House,1,4778
2111353,3,2,2362,Sydney,NSW,2002,House,1,7003
1623094,3,1,1764,Sydney,NSW,2003,Apartment,0,4979
1791739,4,4,1389,Sydney,NSW,1989,House,1,3903
1600563,3,2,1383,Sydney,NSW,1991,House,1,2902
1455560,3,3,1776,Adelaide,SA,1998,House,0,5229
1950059,3,2,2386,Melbourne,VIC,2011,Townhouse,0,6028
2146309,4,2,2556,Melbourne,VIC,2003,House,0,7026
1400663,2,2,1702,Brisbane,QLD,2001,Apartment,2,3831
1262872,3,2,1307,Brisbane,QLD,1982,House,1,2276
1985421,2,2,2160,Melbourne,VIC,2019,House,2,6115
1697145,4,2,1505,Melbourne,VIC,2006,House,1,3357
1614731,3,2,1689,Melbourne,VIC,1998,House,1,4987
2193564,3,2,2795,Sydney,NSW,1988,House,0,5261
1774863,3,2,2496,Perth,WA,1992,House,1,7460
1564882,4,1,2094,Brisbane,QLD,1981,Apartment,1,3841
1178561,3,2,1236,Brisbane,QLD,2015,Apartment,0,2538
1890377,4,2,2126,Melbourne,VIC,2008,Apartment,2,5085
1975403,4,1,2637,Melbourne,VIC,1990,Townhouse,1,6699
1826337,5,2,1774,Melbourne,VIC,2013,Apartment,1,4579
2236988,3,1,2810,Sydney,NSW,1983,House,1,6223
2413850,5,4,2775,Sydney,NSW,1983,House,1,4483
1896634,1,3,2998,Perth,WA,1980,House,2,6728
1605622,3,1,2183,Brisbane,QLD,2004,Apartment,1,4370
2112441,4,1,2352,Sydney,NSW,2005,House,0,5849
2170167,3,3,2848,Melbourne,VIC,1990,House,0,5051
1949824,3,2,2268,Melbourne,VIC,2002,House,1,4743
1444374,3,3,1699,Brisbane,QLD,1981,Townhouse,1,5011
1472241,3,4,1730,Brisbane,QLD,1998,Apartment,1,2827
1931231,3,2,2143,Melbourne,VIC,2008,House,2,5151
1238309,4,1,1225,Adelaide,SA,2019,House,1,2005
1570435,4,3,1914,Perth,WA,1983,House,1,3321
2088437,3,4,2657,Perth,WA,1995,House,2,6398
1335358,3,2,800,Melbourne,VIC,2016,House,0,1732
2373187,5,2,2920,Melbourne,VIC,2006,House,1,6784
2028935,3,2,2673,Melbourne,VIC,1984,Apartment,2,7538
1579770,2,2,1724,Melbourne,VIC,1994,House,1,4699
1674769,2,3,2326,Perth,WA,2002,Townhouse,1,6587
1959090,3,4,2001,Sydney,NSW,1982,House,0,4853
1803071,2,2,2737,Perth,WA,1997,Townhouse,2,6117
2037849,2,3,2589,Melbourne,VIC,2022,Apartment,1,5668
1469658,3,1,1159,Sydney,NSW,2005,Townhouse,2,3027
1845105,3,2,2352,Melbourne,VIC,1985,Apartment,0,5367
1943503,3,2,1876,Sydney,NSW,2023,House,0,3112
1962108,4,1,2049,Sydney,NSW,1996,House,1,3510
1498420,4,2,1563,Perth,WA,2017,House,1,3181
2167553,3,2,3048,Brisbane,QLD,2021,House,2,4883
2297292,3,3,2624,Sydney,NSW,2006,House,2,4877
1488534,5,3,1556,Adelaide,SA,1999,House,1,3866
1344544,1,2,1199,Sydney,NSW,1985,House,0,1821
1794786,4,1,1768,Melbourne,VIC,2014,House,1,4255
1811155,2,2,2260,Sydney,NSW,1991,Apartment,1,6010
2022179,5,4,2144,Sydney,NSW,1982,Townhouse,0,3763
2138442,3,2,2751,Sydney,NSW,1983,Apartment,2,4874
1605085,3,1,2473,Perth,WA,1983,House,0,3818
1780802,4,1,2581,Adelaide,SA,1983,House,1,5857
1796431,3,2,2196,Perth,WA,2018,House,2,5450
1154069,3,1,1166,Brisbane,QLD,2000,House,1,2549
1684857,3,3,1882,Brisbane,QLD,2023,Townhouse,2,3923
2197118,4,3,2636,Melbourne,VIC,1981,House,2,5750
1680772,1,2,1969,Melbourne,VIC,1995,House,1,5261
1519868,1,2,2301,Brisbane,QLD,1986,Apartment,1,3568
1376119,3,2,1808,Adelaide,SA,1998,House,1,4839
1770028,2,4,1382,Sydney,NSW,2022,Townhouse,2,3454
1848337,3,2,1925,Melbourne,VIC,2012,House,1,3586
1890041,3,2,2185,Melbourne,VIC,1988,Townhouse,2,4998
1645350,3,2,1606,Melbourne,VIC,2016,House,1,2528
1453347,2,2,1858,Brisbane,QLD,1996,House,0,3846
1650452,3,2,1436,Melbourne,VIC,2006,House,2,2529
2181262,2,2,2671,Sydney,NSW,2012,House,0,4096
1669115,1,2,1823,Melbourne,VIC,1991,House,2,3711
1885915,2,2,2871,Brisbane,QLD,1990,Townhouse,1,7435
2180305,5,2,2917,Melbourne,VIC,1992,Apartment,1,8406
1412685,2,1,1951,Perth,WA,2010,Apartment,1,4865
1619297,4,2,1394,Melbourne,VIC,1992,House,2,2933
1427041,2,2,800,Sydney,NSW,2017,House,2,2399
1574166,2,2,1116,Sydney,NSW,2005,House,2,2149
1688790,3,4,1175,Sydney,NSW,2010,House,1,2093
2204685,3,1,2827,Sydney,NSW,2001,House,0,6206
1901368,5,2,2069,Melbourne,VIC,1985,House,1,4671
1762242,5,1,2233,Brisbane,QLD,1999,House,1,4539
1353756,4,2,800,Melbourne,VIC,2000,House,2,2034
1202456,3,2,1281,Perth,WA,1989,Townhouse,2,2275
2279220,3,3,2532,Sydney,NSW,1998,House,1,5736
2080190,3,2,2172,Sydney,NSW,2014,House,2,4887
1964378,5,2,1911,Sydney,NSW,2005,Apartment,2,5229
1651281,3,3,2338,Adelaide,SA,1986,Apartment,2,6760
2338607,3,4,2981,Melbourne,VIC,2016,Townhouse,1,7438
1912516,3,4,1867,Melbourne,VIC,1987,House,2,3656
1816067,1,3,2041,Sydney,NSW,1984,House,1,5174
1907784,5,4,2115,Brisbane,QLD,2023,Townhouse,0,3971
2238888,3,2,3435,Brisbane,QLD,2015,Townhouse,0,10133
1163582,3,1,800,Melbourne,VIC,2007,Townhouse,0,2186
1532212,2,1,2409,Brisbane,QLD,1982,Townhouse,0,5173
1951345,4,3,1931,Melbourne,VIC,2018,House,0,5168
2000685,1,4,2340,Sydney,NSW,1987,Townhouse,2,4944
1369298,4,1,1605,Brisbane,QLD,1994,Townhouse,1,2588
1522495,2,2,1970,Adelaide,SA,2006,House,1,5045
1813714,4,3,2426,Brisbane,QLD,2015,Apartment,1,5113
2860881,4,4,3867,Sydney,NSW,1995,Apartment,1,11198
2124053,2,2,2484,Sydney,NSW,2005,House,0,4869
1443298,3,4,1491,Adelaide,SA,2023,House,1,4123
